Time,Acceleration
0.2,0.030084
0.20002,0.029602
0.200039,0.028588
0.200059,0.027796
0.200078,0.027542
0.200098,0.02808
0.200117,0.028881
0.200137,0.029931
0.200156,0.0309
0.200176,0.032126
0.200195,0.033547
0.200215,0.034139
0.200234,0.034204
0.200254,0.033834
0.200273,0.03388
0.200293,0.033949
0.200312,0.033915
0.200332,0.034214
0.200352,0.034934
0.200371,0.03547
0.200391,0.036028
0.20041,0.036103
0.20043,0.035875
0.200449,0.035515
0.200469,0.035064
0.200488,0.03467
0.200508,0.034516
0.200527,0.034245
0.200547,0.034552
0.200566,0.035231
0.200586,0.035928
0.200605,0.036073
0.200625,0.036017
0.200645,0.035801
0.200664,0.036037
0.200684,0.036153
0.200703,0.036394
0.200723,0.036576
0.200742,0.036957
0.200762,0.037274
0.200781,0.037911
0.200801,0.038218
0.20082,0.038547
0.20084,0.038578
0.200859,0.038868
0.200879,0.03877
0.200898,0.038218
0.200918,0.037142
0.200937,0.03658
0.200957,0.036682
0.200977,0.037018
0.200996,0.03687
0.201016,0.036505
0.201035,0.036428
0.201055,0.036538
0.201074,0.03659
0.201094,0.036344
0.201113,0.035751
0.201133,0.03507
0.201152,0.034876
0.201172,0.034875
0.201191,0.034762
0.201211,0.034833
0.20123,0.03509
0.20125,0.03551
0.20127,0.035646
0.201289,0.035513
0.201309,0.035212
0.201328,0.034454
0.201348,0.034163
0.201367,0.033833
0.201387,0.033452
0.201406,0.032594
0.201426,0.031819
0.201445,0.031258
0.201465,0.030984
0.201484,0.030638
0.201504,0.030014
0.201523,0.029584
0.201543,0.029572
0.201562,0.029788
0.201582,0.029934
0.201602,0.029924
0.201621,0.029823
0.201641,0.029487
0.20166,0.029156
0.20168,0.028307
0.201699,0.027144
0.201719,0.026271
0.201738,0.026338
0.201758,0.026966
0.201777,0.027413
0.201797,0.027662
0.201816,0.027836
0.201836,0.028008
0.201855,0.027643
0.201875,0.026311
0.201895,0.024788
0.201914,0.023336
0.201934,0.022356
0.201953,0.021507
0.201973,0.020871
0.201992,0.020787
0.202012,0.020898
0.202031,0.02125
0.202051,0.021192
0.20207,0.020802
0.20209,0.019913
0.202109,0.018973
0.202129,0.018189
0.202148,0.017369
0.202168,0.01642
0.202187,0.015784
0.202207,0.015819
0.202227,0.016182
0.202246,0.01604
0.202266,0.015382
0.202285,0.014454
0.202305,0.013952
0.202324,0.012923
0.202344,0.011846
0.202363,0.010565
0.202383,0.009383
0.202402,0.00824
0.202422,0.00733
0.202441,0.006378
0.202461,0.005285
0.20248,0.004307
0.2025,0.003355
0.20252,0.002545
0.202539,0.001288
0.202559,-2.73E-05
0.202578,-0.001244
0.202598,-0.00234
0.202617,-0.003157
0.202637,-0.003784
0.202656,-0.004311
0.202676,-0.00494
0.202695,-0.005644
0.202715,-0.006393
0.202734,-0.007469
0.202754,-0.008582
0.202773,-0.010271
0.202793,-0.011831
0.202812,-0.013068
0.202832,-0.014228
0.202852,-0.015271
0.202871,-0.016186
0.202891,-0.017367
0.20291,-0.018541
0.20293,-0.01989
0.202949,-0.021419
0.202969,-0.023252
0.202988,-0.02497
0.203008,-0.026371
0.203027,-0.0276
0.203047,-0.028662
0.203066,-0.029494
0.203086,-0.030234
0.203105,-0.030896
0.203125,-0.031451
0.203145,-0.032397
0.203164,-0.033338
0.203184,-0.034441
0.203203,-0.035457
0.203223,-0.036664
0.203242,-0.037612
0.203262,-0.038387
0.203281,-0.03907
0.203301,-0.040069
0.20332,-0.041459
0.20334,-0.042852
0.203359,-0.044011
0.203379,-0.045169
0.203398,-0.046219
0.203418,-0.047063
0.203437,-0.0478
0.203457,-0.04874
0.203477,-0.049982
0.203496,-0.051047
0.203516,-0.052473
0.203535,-0.053942
0.203555,-0.055174
0.203574,-0.055883
0.203594,-0.056335
0.203613,-0.056603
0.203633,-0.056439
0.203652,-0.056082
0.203672,-0.055799
0.203691,-0.05572
0.203711,-0.055877
0.20373,-0.056655
0.20375,-0.057911
0.20377,-0.058979
0.203789,-0.059792
0.203809,-0.060623
0.203828,-0.061114
0.203848,-0.060972
0.203867,-0.060734
0.203887,-0.060306
0.203906,-0.06008
0.203926,-0.060328
0.203945,-0.060931
0.203965,-0.061571
0.203984,-0.062388
0.204004,-0.062933
0.204023,-0.063656
0.204043,-0.06409
0.204062,-0.064005
0.204082,-0.063802
0.204102,-0.063304
0.204121,-0.062876
0.204141,-0.062377
0.20416,-0.061861
0.20418,-0.061825
0.204199,-0.061681
0.204219,-0.061905
0.204238,-0.062029
0.204258,-0.062217
0.204277,-0.062153
0.204297,-0.061958
0.204316,-0.061704
0.204336,-0.061141
0.204355,-0.060628
0.204375,-0.060333
0.204395,-0.060316
0.204414,-0.060342
0.204434,-0.060349
0.204453,-0.060412
0.204473,-0.060562
0.204492,-0.060283
0.204512,-0.0597
0.204531,-0.058894
0.204551,-0.058186
0.20457,-0.057807
0.20459,-0.057526
0.204609,-0.057218
0.204629,-0.056994
0.204648,-0.056681
0.204668,-0.056657
0.204687,-0.056348
0.204707,-0.05566
0.204727,-0.055214
0.204746,-0.05447
0.204766,-0.0541
0.204785,-0.053904
0.204805,-0.054103
0.204824,-0.054241
0.204844,-0.054281
0.204863,-0.054523
0.204883,-0.054718
0.204902,-0.054783
0.204922,-0.054185
0.204941,-0.053443
0.204961,-0.053115
0.20498,-0.052968
0.205,-0.052816
0.20502,-0.052761
0.205039,-0.052478
0.205059,-0.052064
0.205078,-0.051597
0.205098,-0.051067
0.205117,-0.050278
0.205137,-0.049601
0.205156,-0.049036
0.205176,-0.048683
0.205195,-0.048115
0.205215,-0.047727
0.205234,-0.046995
0.205254,-0.04617
0.205273,-0.045819
0.205293,-0.045454
0.205312,-0.04469
0.205332,-0.043859
0.205352,-0.043523
0.205371,-0.043399
0.205391,-0.043339
0.20541,-0.042972
0.20543,-0.042553
0.205449,-0.041939
0.205469,-0.04101
0.205488,-0.039929
0.205508,-0.038234
0.205527,-0.036693
0.205547,-0.035411
0.205566,-0.034738
0.205586,-0.033927
0.205605,-0.03293
0.205625,-0.031974
0.205645,-0.031309
0.205664,-0.030465
0.205684,-0.029083
0.205703,-0.027264
0.205723,-0.025635
0.205742,-0.023964
0.205762,-0.022406
0.205781,-0.021021
0.205801,-0.019901
0.20582,-0.018999
0.20584,-0.018513
0.205859,-0.018228
0.205879,-0.017773
0.205898,-0.016899
0.205918,-0.015939
0.205937,-0.01482
0.205957,-0.013412
0.205977,-0.011747
0.205996,-0.010172
0.206016,-0.008659
0.206035,-0.007272
0.206055,-0.00679
0.206074,-0.006409
0.206094,-0.005887
0.206113,-0.00494
0.206133,-0.004209
0.206152,-0.003414
0.206172,-0.002248
0.206191,-0.000492
0.206211,0.001049
0.20623,0.002223
0.20625,0.002982
0.20627,0.003601
0.206289,0.004472
0.206309,0.005122
0.206328,0.005495
0.206348,0.006
0.206367,0.006585
0.206387,0.007942
0.206406,0.009069
0.206426,0.009945
0.206445,0.010646
0.206465,0.011305
0.206484,0.012159
0.206504,0.013163
0.206523,0.013936
0.206543,0.014604
0.206562,0.015514
0.206582,0.017106
0.206602,0.018612
0.206621,0.019599
0.206641,0.020465
0.20666,0.021212
0.20668,0.021932
0.206699,0.022774
0.206719,0.02368
0.206738,0.024703
0.206758,0.025785
0.206777,0.027279
0.206797,0.028526
0.206816,0.029683
0.206836,0.030485
0.206855,0.031319
0.206875,0.032206
0.206895,0.033207
0.206914,0.03413
0.206934,0.034921
0.206953,0.035942
0.206973,0.036863
0.206992,0.038153
0.207012,0.039432
0.207031,0.040579
0.207051,0.041574
0.20707,0.042567
0.20709,0.043706
0.207109,0.044951
0.207129,0.046055
0.207148,0.047179
0.207168,0.048432
0.207187,0.049634
0.207207,0.050461
0.207227,0.05107
0.207246,0.051788
0.207266,0.052544
0.207285,0.053446
0.207305,0.054385
0.207324,0.055084
0.207344,0.056084
0.207363,0.057214
0.207383,0.058295
0.207402,0.059296
0.207422,0.059949
0.207441,0.060329
0.207461,0.060793
0.20748,0.061056
0.2075,0.061359
0.20752,0.061469
0.207539,0.062033
0.207559,0.062881
0.207578,0.063734
0.207598,0.064588
0.207617,0.06535
0.207637,0.066079
0.207656,0.066842
0.207676,0.067146
0.207695,0.067277
0.207715,0.066989
0.207734,0.066559
0.207754,0.066271
0.207773,0.066549
0.207793,0.066941
0.207812,0.067401
0.207832,0.068112
0.207852,0.068938
0.207871,0.069437
0.207891,0.069556
0.20791,0.069441
0.20793,0.069039
0.207949,0.068549
0.207969,0.068223
0.207988,0.068023
0.208008,0.068261
0.208027,0.068821
0.208047,0.069462
0.208066,0.070215
0.208086,0.070936
0.208105,0.071191
0.208125,0.071009
0.208145,0.070969
0.208164,0.070705
0.208184,0.070431
0.208203,0.070067
0.208223,0.06992
0.208242,0.069945
0.208262,0.070358
0.208281,0.070568
0.208301,0.070662
0.20832,0.070503
0.20834,0.070322
0.208359,0.070111
0.208379,0.069987
0.208398,0.069682
0.208418,0.069856
0.208437,0.069724
0.208457,0.069548
0.208477,0.069048
0.208496,0.068675
0.208516,0.068205
0.208535,0.06793
0.208555,0.067559
0.208574,0.067411
0.208594,0.066944
0.208613,0.066793
0.208633,0.066642
0.208652,0.066456
0.208672,0.066033
0.208691,0.065723
0.208711,0.065169
0.20873,0.064601
0.20875,0.063824
0.20877,0.063085
0.208789,0.062371
0.208809,0.061954
0.208828,0.06138
0.208848,0.060578
0.208867,0.059837
0.208887,0.059213
0.208906,0.058339
0.208926,0.057574
0.208945,0.056821
0.208965,0.055946
0.208984,0.054871
0.209004,0.053913
0.209023,0.052794
0.209043,0.051662
0.209062,0.050502
0.209082,0.049384
0.209102,0.048306
0.209121,0.04717
0.209141,0.046066
0.20916,0.044912
0.20918,0.043927
0.209199,0.043101
0.209219,0.04221
0.209238,0.041142
0.209258,0.040137
0.209277,0.039036
0.209297,0.037993
0.209316,0.036787
0.209336,0.035668
0.209355,0.034038
0.209375,0.032626
0.209395,0.031196
0.209414,0.029988
0.209434,0.029022
0.209453,0.0281
0.209473,0.027251
0.209492,0.026575
0.209512,0.025505
0.209531,0.024084
0.209551,0.022409
0.20957,0.020636
0.20959,0.018806
0.209609,0.017038
0.209629,0.015427
0.209648,0.014176
0.209668,0.013195
0.209687,0.012543
0.209707,0.011735
0.209727,0.010703
0.209746,0.009456
0.209766,0.008017
0.209785,0.006333
0.209805,0.004544
0.209824,0.002677
0.209844,0.001084
0.209863,-0.000117
0.209883,-0.000951
0.209902,-0.001813
0.209922,-0.002534
0.209941,-0.003447
0.209961,-0.004406
0.20998,-0.005649
0.21,-0.007324
0.21002,-0.009108
0.210039,-0.010696
0.210059,-0.011892
0.210078,-0.012981
0.210098,-0.014047
0.210117,-0.015234
0.210137,-0.016168
0.210156,-0.016975
0.210176,-0.017806
0.210195,-0.01866
0.210215,-0.019702
0.210234,-0.020815
0.210254,-0.021984
0.210273,-0.023114
0.210293,-0.024368
0.210312,-0.025499
0.210332,-0.026453
0.210352,-0.027377
0.210371,-0.028428
0.210391,-0.02933
0.21041,-0.03022
0.21043,-0.031185
0.210449,-0.031896
0.210469,-0.032526
0.210488,-0.03313
0.210508,-0.034107
0.210527,-0.035265
0.210547,-0.036452
0.210566,-0.037239
0.210586,-0.038125
0.210605,-0.039134
0.210625,-0.040275
0.210645,-0.04105
0.210664,-0.041744
0.210684,-0.042386
0.210703,-0.043153
0.210723,-0.043849
0.210742,-0.044314
0.210762,-0.044558
0.210781,-0.045112
0.210801,-0.045956
0.21082,-0.046709
0.21084,-0.047319
0.210859,-0.048104
0.210879,-0.049022
0.210898,-0.04991
0.210918,-0.050699
0.210937,-0.051148
0.210957,-0.051632
0.210977,-0.052292
0.210996,-0.053015
0.211016,-0.053337
0.211035,-0.053814
0.211055,-0.054786
0.211074,-0.055498
0.211094,-0.055815
0.211113,-0.056055
0.211133,-0.056572
0.211152,-0.056939
0.211172,-0.057078
0.211191,-0.05761
0.211211,-0.058344
0.21123,-0.058832
0.21125,-0.059036
0.21127,-0.059493
0.211289,-0.059719
0.211309,-0.059542
0.211328,-0.059165
0.211348,-0.058973
0.211367,-0.058889
0.211387,-0.059127
0.211406,-0.059642
0.211426,-0.060253
0.211445,-0.060858
0.211465,-0.061506
0.211484,-0.061984
0.211504,-0.062233
0.211523,-0.061795
0.211543,-0.061592
0.211562,-0.061094
0.211582,-0.06089
0.211602,-0.06067
0.211621,-0.060645
0.211641,-0.0609
0.21166,-0.061378
0.21168,-0.061964
0.211699,-0.062177
0.211719,-0.062032
0.211738,-0.0615
0.211758,-0.06094
0.211777,-0.060321
0.211797,-0.059841
0.211816,-0.059497
0.211836,-0.059308
0.211855,-0.059209
0.211875,-0.059497
0.211895,-0.059697
0.211914,-0.059752
0.211934,-0.059676
0.211953,-0.059566
0.211973,-0.059488
0.211992,-0.059111
0.212012,-0.058443
0.212031,-0.057886
0.212051,-0.057692
0.21207,-0.057358
0.21209,-0.057112
0.212109,-0.05695
0.212129,-0.056616
0.212148,-0.056129
0.212168,-0.055935
0.212187,-0.055643
0.212207,-0.055085
0.212227,-0.054122
0.212246,-0.053303
0.212266,-0.052517
0.212285,-0.051629
0.212305,-0.050678
0.212324,-0.050029
0.212344,-0.049516
0.212363,-0.048899
0.212383,-0.048465
0.212402,-0.047924
0.212422,-0.047425
0.212441,-0.046732
0.212461,-0.046239
0.21248,-0.045846
0.2125,-0.045225
0.21252,-0.044271
0.212539,-0.043513
0.212559,-0.042786
0.212578,-0.041961
0.212598,-0.040872
0.212617,-0.039939
0.212637,-0.03909
0.212656,-0.038391
0.212676,-0.037711
0.212695,-0.036997
0.212715,-0.036197
0.212734,-0.035529
0.212754,-0.03445
0.212773,-0.03349
0.212793,-0.032271
0.212812,-0.030891
0.212832,-0.029634
0.212852,-0.0287
0.212871,-0.027673
0.212891,-0.026812
0.21291,-0.025863
0.21293,-0.025063
0.212949,-0.024466
0.212969,-0.02362
0.212988,-0.022433
0.213008,-0.021268
0.213027,-0.02027
0.213047,-0.019492
0.213066,-0.018786
0.213086,-0.017744
0.213105,-0.016907
0.213125,-0.01588
0.213145,-0.014887
0.213164,-0.013697
0.213184,-0.012369
0.213203,-0.010967
0.213223,-0.009889
0.213242,-0.008883
0.213262,-0.007999
0.213281,-0.007278
0.213301,-0.006662
0.21332,-0.006319
0.21334,-0.005615
0.213359,-0.004721
0.213379,-0.003603
0.213398,-0.002283
0.213418,-0.000898
0.213437,5.59E-05
0.213457,0.000885
0.213477,0.001655
0.213496,0.002346
0.213516,0.002721
0.213535,0.003147
0.213555,0.003768
0.213574,0.004699
0.213594,0.005569
0.213613,0.006899
0.213633,0.008331
0.213652,0.009679
0.213672,0.01109
0.213691,0.012343
0.213711,0.013384
0.21373,0.014055
0.21375,0.014725
0.21377,0.015458
0.213789,0.016131
0.213809,0.016952
0.213828,0.01786
0.213848,0.018855
0.213867,0.019761
0.213887,0.020797
0.213906,0.021838
0.213926,0.022795
0.213945,0.023457
0.213965,0.023929
0.213984,0.024334
0.214004,0.024814
0.214023,0.025287
0.214043,0.025831
0.214062,0.026596
0.214082,0.027647
0.214102,0.028691
0.214121,0.029553
0.214141,0.030518
0.21416,0.031442
0.21418,0.0322
0.214199,0.032949
0.214219,0.033589
0.214238,0.034382
0.214258,0.035149
0.214277,0.035684
0.214297,0.036293
0.214316,0.037035
0.214336,0.037864
0.214355,0.038375
0.214375,0.038986
0.214395,0.039528
0.214414,0.040248
0.214434,0.040928
0.214453,0.041461
0.214473,0.041902
0.214492,0.042501
0.214512,0.042816
0.214531,0.043104
0.214551,0.043376
0.21457,0.043627
0.21459,0.044016
0.214609,0.044658
0.214629,0.045389
0.214648,0.046138
0.214668,0.046988
0.214687,0.047809
0.214707,0.048401
0.214727,0.048596
0.214746,0.048919
0.214766,0.049154
0.214785,0.049284
0.214805,0.049527
0.214824,0.049952
0.214844,0.050305
0.214863,0.050815
0.214883,0.051258
0.214902,0.051789
0.214922,0.052057
0.214941,0.052096
0.214961,0.052274
0.21498,0.052301
0.215,0.052361
0.21502,0.052739
0.215039,0.053118
0.215059,0.053592
0.215078,0.053942
0.215098,0.05419
0.215117,0.05424
0.215137,0.054283
0.215156,0.054156
0.215176,0.054099
0.215195,0.05424
0.215215,0.054444
0.215234,0.054678
0.215254,0.054849
0.215273,0.054953
0.215293,0.055227
0.215312,0.055343
0.215332,0.055073
0.215352,0.054435
0.215371,0.053759
0.215391,0.053167
0.21541,0.052521
0.21543,0.052073
0.215449,0.051724
0.215469,0.051476
0.215488,0.051438
0.215508,0.051371
0.215527,0.051194
0.215547,0.050824
0.215566,0.050366
0.215586,0.049923
0.215605,0.049122
0.215625,0.048344
0.215645,0.047464
0.215664,0.046758
0.215684,0.046215
0.215703,0.04584
0.215723,0.045754
0.215742,0.045324
0.215762,0.045
0.215781,0.044406
0.215801,0.043749
0.21582,0.042776
0.21584,0.041545
0.215859,0.040268
0.215879,0.03917
0.215898,0.038085
0.215918,0.037196
0.215937,0.036347
0.215957,0.035562
0.215977,0.034883
0.215996,0.034132
0.216016,0.033334
0.216035,0.032408
0.216055,0.031252
0.216074,0.030178
0.216094,0.029333
0.216113,0.028325
0.216133,0.027425
0.216152,0.026325
0.216172,0.025466
0.216191,0.024491
0.216211,0.023558
0.21623,0.022523
0.21625,0.021573
0.21627,0.020501
0.216289,0.019641
0.216309,0.018618
0.216328,0.017665
0.216348,0.016384
0.216367,0.015136
0.216387,0.013983
0.216406,0.012622
0.216426,0.01127
0.216445,0.010008
0.216465,0.009137
0.216484,0.008411
0.216504,0.007564
0.216523,0.006696
0.216543,0.005902
0.216562,0.005008
0.216582,0.00399
0.216602,0.002834
0.216621,0.001489
0.216641,0.000282
0.21666,-0.000739
0.21668,-0.001522
0.216699,-0.002194
0.216719,-0.002967
0.216738,-0.003795
0.216758,-0.004567
0.216777,-0.005509
0.216797,-0.006776
0.216816,-0.007898
0.216836,-0.009237
0.216855,-0.010246
0.216875,-0.011282
0.216895,-0.012268
0.216914,-0.013479
0.216934,-0.014382
0.216953,-0.015211
0.216973,-0.015987
0.216992,-0.0168
0.217012,-0.017825
0.217031,-0.018963
0.217051,-0.019824
0.21707,-0.020536
0.21709,-0.021169
0.217109,-0.02198
0.217129,-0.022514
0.217148,-0.023168
0.217168,-0.023724
0.217187,-0.024491
0.217207,-0.025383
0.217227,-0.026157
0.217246,-0.026994
0.217266,-0.0278
0.217285,-0.028692
0.217305,-0.029561
0.217324,-0.0303
0.217344,-0.030821
0.217363,-0.031078
0.217383,-0.031505
0.217402,-0.032084
0.217422,-0.033007
0.217441,-0.033832
0.217461,-0.034646
0.21748,-0.035727
0.2175,-0.036755
0.21752,-0.037609
0.217539,-0.038083
0.217559,-0.038545
0.217578,-0.038893
0.217598,-0.039115
0.217617,-0.039311
0.217637,-0.0395
0.217656,-0.039939
0.217676,-0.040742
0.217695,-0.041626
0.217715,-0.042518
0.217734,-0.043289
0.217754,-0.043899
0.217773,-0.044463
0.217793,-0.04471
0.217812,-0.044757
0.217832,-0.04504
0.217852,-0.045205
0.217871,-0.045446
0.217891,-0.045717
0.21791,-0.046254
0.21793,-0.046848
0.217949,-0.04726
0.217969,-0.047412
0.217988,-0.047714
0.218008,-0.048074
0.218027,-0.048149
0.218047,-0.048096
0.218066,-0.048397
0.218086,-0.048552
0.218105,-0.048662
0.218125,-0.04852
0.218145,-0.048414
0.218164,-0.048546
0.218184,-0.048666
0.218203,-0.048809
0.218223,-0.049118
0.218242,-0.049322
0.218262,-0.049768
0.218281,-0.050356
0.218301,-0.050447
0.21832,-0.050352
0.21834,-0.050266
0.218359,-0.050229
0.218379,-0.049964
0.218398,-0.049761
0.218418,-0.04993
0.218437,-0.049998
0.218457,-0.050016
0.218477,-0.05019
0.218496,-0.050204
0.218516,-0.050061
0.218535,-0.049744
0.218555,-0.049521
0.218574,-0.049186
0.218594,-0.049007
0.218613,-0.048464
0.218633,-0.047989
0.218652,-0.047724
0.218672,-0.047748
0.218691,-0.047995
0.218711,-0.047839
0.21873,-0.047615
0.21875,-0.047428
0.21877,-0.047195
0.218789,-0.046964
0.218809,-0.046665
0.218828,-0.046413
0.218848,-0.046025
0.218867,-0.045595
0.218887,-0.045399
0.218906,-0.045036
0.218926,-0.044851
0.218945,-0.044766
0.218965,-0.044464
0.218984,-0.04416
0.219004,-0.043631
0.219023,-0.04306
0.219043,-0.042448
0.219062,-0.04177
0.219082,-0.041455
0.219102,-0.040961
0.219121,-0.040756
0.219141,-0.040119
0.21916,-0.039662
0.21918,-0.03919
0.219199,-0.038544
0.219219,-0.037702
0.219238,-0.036972
0.219258,-0.036263
0.219277,-0.035729
0.219297,-0.035228
0.219316,-0.034759
0.219336,-0.034398
0.219355,-0.034016
0.219375,-0.033605
0.219395,-0.032966
0.219414,-0.031938
0.219434,-0.030909
0.219453,-0.029687
0.219473,-0.028714
0.219492,-0.027807
0.219512,-0.027092
0.219531,-0.026635
0.219551,-0.026204
0.21957,-0.025641
0.21959,-0.025145
0.219609,-0.024527
0.219629,-0.023616
0.219648,-0.022609
0.219668,-0.021574
0.219687,-0.020495
0.219707,-0.019494
0.219727,-0.018542
0.219746,-0.017728
0.219766,-0.017081
0.219785,-0.016378
0.219805,-0.01577
0.219824,-0.015108
0.219844,-0.01434
0.219863,-0.013586
0.219883,-0.012624
0.219902,-0.011746
0.219922,-0.010737
0.219941,-0.009751
0.219961,-0.008695
0.21998,-0.007621
0.22,-0.006651
0.22002,-0.005708
0.220039,-0.004899
0.220059,-0.003987
0.220078,-0.003455
0.220098,-0.00291
0.220117,-0.002219
0.220137,-0.001347
0.220156,-0.000553
0.220176,0.000216
0.220195,0.001191
0.220215,0.002229
0.220234,0.003075
0.220254,0.003947
0.220273,0.004818
0.220293,0.005559
0.220312,0.006101
0.220332,0.006638
0.220352,0.00728
0.220371,0.007909
0.220391,0.008513
0.22041,0.009562
0.22043,0.010486
0.220449,0.011409
0.220469,0.012372
0.220488,0.013313
0.220508,0.014114
0.220527,0.014812
0.220547,0.015559
0.220566,0.016339
0.220586,0.016886
0.220605,0.017327
0.220625,0.018065
0.220645,0.018977
0.220664,0.019992
0.220684,0.020877
0.220703,0.021921
0.220723,0.022801
0.220742,0.023659
0.220762,0.024344
0.220781,0.024969
0.220801,0.025519
0.22082,0.026271
0.22084,0.027098
0.220859,0.028015
0.220879,0.028898
0.220898,0.029795
0.220918,0.030832
0.220937,0.031953
0.220957,0.032743
0.220977,0.033359
0.220996,0.034019
0.221016,0.03453
0.221035,0.035228
0.221055,0.035858
0.221074,0.036617
0.221094,0.037409
0.221113,0.038338
0.221133,0.03922
0.221152,0.039774
0.221172,0.040188
0.221191,0.040605
0.221211,0.041095
0.22123,0.041691
0.22125,0.04237
0.22127,0.043129
0.221289,0.043937
0.221309,0.044993
0.221328,0.045885
0.221348,0.046515
0.221367,0.047089
0.221387,0.047687
0.221406,0.04812
0.221426,0.048495
0.221445,0.048909
0.221465,0.049413
0.221484,0.050108
0.221504,0.050802
0.221523,0.051734
0.221543,0.05252
0.221562,0.053186
0.221582,0.053606
0.221602,0.054011
0.221621,0.054395
0.221641,0.054844
0.22166,0.054845
0.22168,0.05508
0.221699,0.055271
0.221719,0.055691
0.221738,0.055919
0.221758,0.056371
0.221777,0.056722
0.221797,0.057131
0.221816,0.057793
0.221836,0.058219
0.221855,0.05836
0.221875,0.05849
0.221895,0.058597
0.221914,0.0587
0.221934,0.0587
0.221953,0.058645
0.221973,0.05853
0.221992,0.058432
0.222012,0.058567
0.222031,0.058648
0.222051,0.058835
0.22207,0.059098
0.22209,0.05924
0.222109,0.059305
0.222129,0.059159
0.222148,0.058897
0.222168,0.05857
0.222187,0.058197
0.222207,0.05802
0.222227,0.057771
0.222246,0.057385
0.222266,0.057089
0.222285,0.056941
0.222305,0.057022
0.222324,0.057006
0.222344,0.056875
0.222363,0.056589
0.222383,0.056165
0.222402,0.05576
0.222422,0.055041
0.222441,0.054354
0.222461,0.053535
0.22248,0.052984
0.2225,0.052488
0.22252,0.052236
0.222539,0.051801
0.222559,0.051359
0.222578,0.051048
0.222598,0.050559
0.222617,0.049882
0.222637,0.049183
0.222656,0.048295
0.222676,0.0473
0.222695,0.046621
0.222715,0.046044
0.222734,0.045434
0.222754,0.04498
0.222773,0.044644
0.222793,0.044313
0.222812,0.043762
0.222832,0.043066
0.222852,0.042204
0.222871,0.041402
0.222891,0.040688
0.22291,0.040027
0.22293,0.039272
0.222949,0.038629
0.222969,0.037993
0.222988,0.037405
0.223008,0.03667
0.223027,0.035814
0.223047,0.034943
0.223066,0.03393
0.223086,0.033065
0.223105,0.032061
0.223125,0.031161
0.223145,0.030471
0.223164,0.029834
0.223184,0.029227
0.223203,0.028428
0.223223,0.027459
0.223242,0.026468
0.223262,0.025442
0.223281,0.024598
0.223301,0.023611
0.22332,0.022792
0.22334,0.021901
0.223359,0.021284
0.223379,0.020493
0.223398,0.019817
0.223418,0.019194
0.223437,0.018288
0.223457,0.017496
0.223477,0.016471
0.223496,0.015492
0.223516,0.014461
0.223535,0.013299
0.223555,0.012133
0.223574,0.011355
0.223594,0.010567
0.223613,0.009713
0.223633,0.009047
0.223652,0.008356
0.223672,0.007635
0.223691,0.006816
0.223711,0.00598
0.22373,0.005051
0.22375,0.004015
0.22377,0.002939
0.223789,0.00196
0.223809,0.000991
0.223828,0.000163
0.223848,-0.000709
0.223867,-0.001495
0.223887,-0.002301
0.223906,-0.002957
0.223926,-0.003713
0.223945,-0.004444
0.223965,-0.005223
0.223984,-0.006192
0.224004,-0.007111
0.224023,-0.008015
0.224043,-0.009025
0.224062,-0.009895
0.224082,-0.010848
0.224102,-0.011763
0.224121,-0.012577
0.224141,-0.013177
0.22416,-0.013551
0.22418,-0.013991
0.224199,-0.014545
0.224219,-0.015168
0.224238,-0.015798
0.224258,-0.01667
0.224277,-0.017524
0.224297,-0.018341
0.224316,-0.01916
0.224336,-0.019974
0.224355,-0.020662
0.224375,-0.021216
0.224395,-0.021514
0.224414,-0.021838
0.224434,-0.022272
0.224453,-0.022745
0.224473,-0.023603
0.224492,-0.024391
0.224512,-0.025187
0.224531,-0.026171
0.224551,-0.026927
0.22457,-0.027415
0.22459,-0.027907
0.224609,-0.028399
0.224629,-0.028868
0.224648,-0.02915
0.224668,-0.029284
0.224687,-0.029724
0.224707,-0.030286
0.224727,-0.030999
0.224746,-0.031574
0.224766,-0.031879
0.224785,-0.032304
0.224805,-0.032684
0.224824,-0.032927
0.224844,-0.033068
0.224863,-0.033272
0.224883,-0.03366
0.224902,-0.034186
0.224922,-0.034597
0.224941,-0.034857
0.224961,-0.035039
0.22498,-0.035333
0.225,-0.035553
0.22502,-0.035648
0.225039,-0.03572
0.225059,-0.035846
0.225078,-0.036031
0.225098,-0.036364
0.225117,-0.036435
0.225137,-0.036694
0.225156,-0.036988
0.225176,-0.036968
0.225195,-0.036878
0.225215,-0.036953
0.225234,-0.037107
0.225254,-0.03724
0.225273,-0.03703
0.225293,-0.036966
0.225312,-0.037009
0.225332,-0.037112
0.225352,-0.03726
0.225371,-0.037415
0.225391,-0.037449
0.22541,-0.037677
0.22543,-0.038001
0.225449,-0.038088
0.225469,-0.037931
0.225488,-0.037588
0.225508,-0.037467
0.225527,-0.037482
0.225547,-0.03741
0.225566,-0.037447
0.225586,-0.037626
0.225605,-0.037556
0.225625,-0.037652
0.225645,-0.037708
0.225664,-0.037563
0.225684,-0.037243
0.225703,-0.03693
0.225723,-0.036827
0.225742,-0.036736
0.225762,-0.036414
0.225781,-0.036027
0.225801,-0.035755
0.22582,-0.035608
0.22584,-0.035583
0.225859,-0.035516
0.225879,-0.03552
0.225898,-0.035408
0.225918,-0.035488
0.225937,-0.035276
0.225957,-0.035258
0.225977,-0.035019
0.225996,-0.034754
0.226016,-0.034466
0.226035,-0.034111
0.226055,-0.033735
0.226074,-0.033273
0.226094,-0.033202
0.226113,-0.033026
0.226133,-0.033001
0.226152,-0.033153
0.226172,-0.033081
0.226191,-0.032852
0.226211,-0.032397
0.22623,-0.032039
0.22625,-0.031556
0.22627,-0.031002
0.226289,-0.030454
0.226309,-0.03012
0.226328,-0.030098
0.226348,-0.029886
0.226367,-0.029661
0.226387,-0.029747
0.226406,-0.029776
0.226426,-0.029916
0.226445,-0.029464
0.226465,-0.028947
0.226484,-0.028432
0.226504,-0.028221
0.226523,-0.027781
0.226543,-0.027464
0.226562,-0.027073
0.226582,-0.027001
0.226602,-0.026804
0.226621,-0.026689
0.226641,-0.026467
0.22666,-0.026196
0.22668,-0.025853
0.226699,-0.025526
0.226719,-0.025294
0.226738,-0.024865
0.226758,-0.024523
0.226777,-0.02411
0.226797,-0.024
0.226816,-0.023838
0.226836,-0.023652
0.226855,-0.023329
0.226875,-0.023038
0.226895,-0.02275
0.226914,-0.022513
0.226934,-0.022221
0.226953,-0.021948
0.226973,-0.021561
0.226992,-0.021374
0.227012,-0.02106
0.227031,-0.020748
0.227051,-0.0203
0.22707,-0.020123
0.22709,-0.019665
0.227109,-0.019259
0.227129,-0.018755
0.227148,-0.018294
0.227168,-0.017819
0.227187,-0.01738
0.227207,-0.01708
0.227227,-0.016864
0.227246,-0.016611
0.227266,-0.016303
0.227285,-0.015983
0.227305,-0.015559
0.227324,-0.015126
0.227344,-0.014691
0.227363,-0.014067
0.227383,-0.013745
0.227402,-0.013377
0.227422,-0.013136
0.227441,-0.012757
0.227461,-0.012307
0.22748,-0.012062
0.2275,-0.011684
0.22752,-0.011123
0.227539,-0.010555
0.227559,-0.010096
0.227578,-0.009401
0.227598,-0.008854
0.227617,-0.008308
0.227637,-0.007605
0.227656,-0.007023
0.227676,-0.006565
0.227695,-0.006005
0.227715,-0.005433
0.227734,-0.00481
0.227754,-0.004182
0.227773,-0.003756
0.227793,-0.003233
0.227812,-0.002778
0.227832,-0.002209
0.227852,-0.001475
0.227871,-0.000729
0.227891,-0.000112
0.22791,0.000538
0.22793,0.001095
0.227949,0.001703
0.227969,0.002018
0.227988,0.002402
0.228008,0.002769
0.228027,0.003261
0.228047,0.003895
0.228066,0.004311
0.228086,0.005143
0.228105,0.006013
0.228125,0.006868
0.228145,0.007734
0.228164,0.008367
0.228184,0.00888
0.228203,0.009262
0.228223,0.009621
0.228242,0.010006
0.228262,0.010354
0.228281,0.010807
0.228301,0.011365
0.22832,0.011935
0.22834,0.012688
0.228359,0.013344
0.228379,0.01404
0.228398,0.014643
0.228418,0.01525
0.228437,0.015659
0.228457,0.01599
0.228477,0.01614
0.228496,0.016514
0.228516,0.016933
0.228535,0.017398
0.228555,0.017846
0.228574,0.018248
0.228594,0.018983
0.228613,0.019444
0.228633,0.019989
0.228652,0.020425
0.228672,0.020724
0.228691,0.020944
0.228711,0.021195
0.22873,0.021328
0.22875,0.021474
0.22877,0.021776
0.228789,0.021947
0.228809,0.022272
0.228828,0.022476
0.228848,0.02263
0.228867,0.022813
0.228887,0.022852
0.228906,0.022928
0.228926,0.023193
0.228945,0.023122
0.228965,0.023315
0.228984,0.023448
0.229004,0.023694
0.229023,0.023799
0.229043,0.023915
0.229062,0.023907
0.229082,0.02386
0.229102,0.023819
0.229121,0.023806
0.229141,0.023815
0.22916,0.023866
0.22918,0.023962
0.229199,0.023949
0.229219,0.023937
0.229238,0.023959
0.229258,0.02391
0.229277,0.023804
0.229297,0.023565
0.229316,0.02333
0.229336,0.023116
0.229355,0.02298
0.229375,0.022824
0.229395,0.022724
0.229414,0.022641
0.229434,0.02265
0.229453,0.022456
0.229473,0.022266
0.229492,0.022108
0.229512,0.022047
0.229531,0.021821
0.229551,0.021635
0.22957,0.02137
0.22959,0.021196
0.229609,0.020869
0.229629,0.020614
0.229648,0.020373
0.229668,0.020199
0.229687,0.01997
0.229707,0.01975
0.229727,0.019529
0.229746,0.019395
0.229766,0.019178
0.229785,0.018905
0.229805,0.01863
0.229824,0.018111
0.229844,0.017635
0.229863,0.017247
0.229883,0.01691
0.229902,0.016646
0.229922,0.016395
0.229941,0.016277
0.229961,0.016109
0.22998,0.015949
0.23,0.015869
0.23002,0.015635
0.230039,0.015357
0.230059,0.014884
0.230078,0.014355
0.230098,0.013713
0.230117,0.013334
0.230137,0.012934
0.230156,0.012598
0.230176,0.012214
0.230195,0.012048
0.230215,0.011878
0.230234,0.011633
0.230254,0.011231
0.230273,0.010835
0.230293,0.010402
0.230312,0.009749
0.230332,0.009167
0.230352,0.008622
0.230371,0.008049
0.230391,0.007502
0.23041,0.007225
0.23043,0.00709
0.230449,0.007009
0.230469,0.006845
0.230488,0.00655
0.230508,0.006268
0.230527,0.005989
0.230547,0.005521
0.230566,0.005099
0.230586,0.004604
0.230605,0.004254
0.230625,0.003818
0.230645,0.003531
0.230664,0.003256
0.230684,0.002958
0.230703,0.002636
0.230723,0.00235
0.230742,0.002072
0.230762,0.001718
0.230781,0.001281
0.230801,0.000914
0.23082,0.000488
0.23084,0.000329
0.230859,4.85E-05
0.230879,-0.000358
0.230898,-0.000558
0.230918,-0.000722
0.230937,-0.001118
0.230957,-0.001458
0.230977,-0.001614
0.230996,-0.001819
0.231016,-0.001953
0.231035,-0.002003
0.231055,-0.002162
0.231074,-0.002248
0.231094,-0.002295
0.231113,-0.002588
0.231133,-0.002727
0.231152,-0.002894
0.231172,-0.003112
0.231191,-0.003217
0.231211,-0.003322
0.23123,-0.003288
0.23125,-0.003378
0.23127,-0.003414
0.231289,-0.003391
0.231309,-0.00328
0.231328,-0.003238
0.231348,-0.003288
0.231367,-0.003297
0.231387,-0.003207
0.231406,-0.003124
0.231426,-0.003047
0.231445,-0.002988
0.231465,-0.003037
0.231484,-0.002879
0.231504,-0.002847
0.231523,-0.002753
0.231543,-0.002493
0.231562,-0.002391
0.231582,-0.002334
0.231602,-0.002079
0.231621,-0.001976
0.231641,-0.001936
0.23166,-0.001929
0.23168,-0.001878
0.231699,-0.001839
0.231719,-0.001866
0.231738,-0.001652
0.231758,-0.001632
0.231777,-0.001454
0.231797,-0.001153
0.231816,-0.000756
0.231836,-0.000431
0.231855,4.73E-05
0.231875,0.000321
0.231895,0.000589
0.231914,0.000845
0.231934,0.001146
0.231953,0.001376
0.231973,0.001517
0.231992,0.001886
0.232012,0.002228
0.232031,0.00263
0.232051,0.003051
0.23207,0.003591
0.23209,0.004227
0.232109,0.004609
0.232129,0.004881
0.232148,0.005105
0.232168,0.005106
0.232187,0.005253
0.232207,0.00535
0.232227,0.005443
0.232246,0.005622
0.232266,0.006034
0.232285,0.006461
0.232305,0.006955
0.232324,0.007471
0.232344,0.007882
0.232363,0.00819
0.232383,0.008468
0.232402,0.008799
0.232422,0.008852
0.232441,0.008953
0.232461,0.009037
0.23248,0.009359
0.2325,0.009847
0.23252,0.010211
0.232539,0.010636
0.232559,0.01091
0.232578,0.011294
0.232598,0.011672
0.232617,0.011819
0.232637,0.011943
0.232656,0.012119
0.232676,0.012365
0.232695,0.012523
0.232715,0.012711
0.232734,0.012963
0.232754,0.013102
0.232773,0.013327
0.232793,0.013689
0.232812,0.01398
0.232832,0.014198
0.232852,0.014413
0.232871,0.014678
0.232891,0.014892
0.23291,0.015212
0.23293,0.015412
0.232949,0.015437
0.232969,0.015624
0.232988,0.015599
0.233008,0.015771
0.233027,0.015739
0.233047,0.015788
0.233066,0.015938
0.233086,0.016049
0.233105,0.016104
0.233125,0.016152
0.233145,0.016158
0.233164,0.01616
0.233184,0.016108
0.233203,0.016059
0.233223,0.015947
0.233242,0.015945
0.233262,0.015871
0.233281,0.015854
0.233301,0.015807
0.23332,0.01586
0.23334,0.015715
0.233359,0.015731
0.233379,0.015831
0.233398,0.015806
0.233418,0.015855
0.233437,0.015834
0.233457,0.015788
0.233477,0.015727
0.233496,0.015725
0.233516,0.015591
0.233535,0.015489
0.233555,0.015243
0.233574,0.015091
0.233594,0.014947
0.233613,0.014974
0.233633,0.014707
0.233652,0.014673
0.233672,0.014598
0.233691,0.014573
0.233711,0.014396
0.23373,0.014369
0.23375,0.014267
0.23377,0.014086
0.233789,0.013952
0.233809,0.01367
0.233828,0.013436
0.233848,0.013288
0.233867,0.013223
0.233887,0.013144
0.233906,0.01331
0.233926,0.013238
0.233945,0.013318
0.233965,0.013322
0.233984,0.013308
0.234004,0.013226
0.234023,0.012916
0.234043,0.012691
0.234062,0.012519
0.234082,0.012173
0.234102,0.012026
0.234121,0.011875
0.234141,0.011989
0.23416,0.012211
0.23418,0.012294
0.234199,0.012369
0.234219,0.012362
0.234238,0.012157
0.234258,0.011937
0.234277,0.011659
0.234297,0.011585
0.234316,0.011479
0.234336,0.011463
0.234355,0.011437
0.234375,0.011417
0.234395,0.011608
0.234414,0.011644
0.234434,0.01165
0.234453,0.011622
0.234473,0.011571
0.234492,0.01136
0.234512,0.011099
0.234531,0.010871
0.234551,0.010675
0.23457,0.010476
0.23459,0.010453
0.234609,0.010295
0.234629,0.010211
0.234648,0.010105
0.234668,0.01016
0.234687,0.010143
0.234707,0.009994
0.234727,0.00991
0.234746,0.009827
0.234766,0.009902
0.234785,0.0097
0.234805,0.009443
0.234824,0.009398
0.234844,0.009285
0.234863,0.009191
0.234883,0.009126
0.234902,0.009031
0.234922,0.008952
0.234941,0.00886
0.234961,0.008717
0.23498,0.008532
0.235,0.008339
0.23502,0.008069
0.235039,0.007865
0.235059,0.007405
0.235078,0.007029
0.235098,0.006663
0.235117,0.00637
0.235137,0.005958
0.235156,0.005711
0.235176,0.005289
0.235195,0.005018
0.235215,0.004649
0.235234,0.004281
0.235254,0.004028
0.235273,0.003754
0.235293,0.003409
0.235312,0.003015
0.235332,0.002615
0.235352,0.00225
0.235371,0.001787
0.235391,0.00142
0.23541,0.001042
0.23543,0.000691
0.235449,0.000332
0.235469,-6.59E-05
0.235488,-0.000455
0.235508,-0.000998
0.235527,-0.001345
0.235547,-0.001628
0.235566,-0.002028
0.235586,-0.002372
0.235605,-0.002821
0.235625,-0.003275
0.235645,-0.003798
0.235664,-0.004257
0.235684,-0.004744
0.235703,-0.005352
0.235723,-0.005836
0.235742,-0.006302
0.235762,-0.006624
0.235781,-0.007118
0.235801,-0.007423
0.23582,-0.007758
0.23584,-0.008252
0.235859,-0.008799
0.235879,-0.009434
0.235898,-0.010237
0.235918,-0.011022
0.235937,-0.011829
0.235957,-0.012318
0.235977,-0.012882
0.235996,-0.01353
0.236016,-0.014075
0.236035,-0.014537
0.236055,-0.014988
0.236074,-0.015667
0.236094,-0.016405
0.236113,-0.01705
0.236133,-0.017914
0.236152,-0.018765
0.236172,-0.01947
0.236191,-0.020145
0.236211,-0.020662
0.23623,-0.021234
0.23625,-0.021663
0.23627,-0.022032
0.236289,-0.022455
0.236309,-0.023017
0.236328,-0.023624
0.236348,-0.024288
0.236367,-0.024959
0.236387,-0.025654
0.236406,-0.026321
0.236426,-0.026955
0.236445,-0.02759
0.236465,-0.027968
0.236484,-0.028512
0.236504,-0.028971
0.236523,-0.0294
0.236543,-0.029765
0.236562,-0.030253
0.236582,-0.030909
0.236602,-0.031637
0.236621,-0.032095
0.236641,-0.032689
0.23666,-0.033312
0.23668,-0.033936
0.236699,-0.034236
0.236719,-0.034565
0.236738,-0.035165
0.236758,-0.035532
0.236777,-0.035896
0.236797,-0.036227
0.236816,-0.036537
0.236836,-0.036924
0.236855,-0.037482
0.236875,-0.037918
0.236895,-0.038505
0.236914,-0.038997
0.236934,-0.039492
0.236953,-0.040001
0.236973,-0.040478
0.236992,-0.040896
0.237012,-0.041345
0.237031,-0.04156
0.237051,-0.041953
0.23707,-0.042328
0.23709,-0.042816
0.237109,-0.043105
0.237129,-0.043559
0.237148,-0.044062
0.237168,-0.044399
0.237187,-0.044994
0.237207,-0.045431
0.237227,-0.045683
0.237246,-0.046095
0.237266,-0.046529
0.237285,-0.046923
0.237305,-0.047164
0.237324,-0.047291
0.237344,-0.04778
0.237363,-0.048137
0.237383,-0.048226
0.237402,-0.048629
0.237422,-0.04883
0.237441,-0.049195
0.237461,-0.049503
0.23748,-0.049551
0.2375,-0.049656
0.23752,-0.049922
0.237539,-0.050213
0.237559,-0.050387
0.237578,-0.050401
0.237598,-0.050357
0.237617,-0.050479
0.237637,-0.050396
0.237656,-0.050237
0.237676,-0.049903
0.237695,-0.04991
0.237715,-0.04984
0.237734,-0.049724
0.237754,-0.049678
0.237773,-0.049775
0.237793,-0.049733
0.237812,-0.04954
0.237832,-0.049375
0.237852,-0.049087
0.237871,-0.048763
0.237891,-0.048493
0.23791,-0.048115
0.23793,-0.04786
0.237949,-0.047637
0.237969,-0.047475
0.237988,-0.047335
0.238008,-0.047248
0.238027,-0.047058
0.238047,-0.046799
0.238066,-0.046373
0.238086,-0.046029
0.238105,-0.045491
0.238125,-0.045022
0.238145,-0.044568
0.238164,-0.043968
0.238184,-0.043541
0.238203,-0.04307
0.238223,-0.042709
0.238242,-0.04228
0.238262,-0.0417
0.238281,-0.041372
0.238301,-0.040837
0.23832,-0.04019
0.23834,-0.039304
0.238359,-0.038349
0.238379,-0.037767
0.238398,-0.037126
0.238418,-0.036427
0.238437,-0.035804
0.238457,-0.035231
0.238477,-0.034638
0.238496,-0.033928
0.238516,-0.033227
0.238535,-0.032365
0.238555,-0.03156
0.238574,-0.030697
0.238594,-0.029839
0.238613,-0.028894
0.238633,-0.027857
0.238652,-0.026735
0.238672,-0.026004
0.238691,-0.025206
0.238711,-0.024311
0.23873,-0.023592
0.23875,-0.022732
0.23877,-0.022065
0.238789,-0.021191
0.238809,-0.020242
0.238828,-0.019243
0.238848,-0.018411
0.238867,-0.017433
0.238887,-0.016293
0.238906,-0.015146
0.238926,-0.013796
0.238945,-0.012865
0.238965,-0.01201
0.238984,-0.010974
0.239004,-0.009952
0.239023,-0.008848
0.239043,-0.007994
0.239062,-0.00688
0.239082,-0.005747
0.239102,-0.004368
0.239121,-0.003165
0.239141,-0.0018
0.23916,-0.000504
0.23918,0.000748
0.239199,0.002034
0.239219,0.003303
0.239238,0.004492
0.239258,0.005651
0.239277,0.006693
0.239297,0.007945
0.239316,0.009197
0.239336,0.01033
0.239355,0.011495
0.239375,0.012633
0.239395,0.013829
0.239414,0.015001
0.239434,0.016182
0.239453,0.017567
0.239473,0.018789
0.239492,0.020066
0.239512,0.021322
0.239531,0.022482
0.239551,0.023611
0.23957,0.024946
0.23959,0.02592
0.239609,0.027015
0.239629,0.028128
0.239648,0.029026
0.239668,0.030029
0.239687,0.030984
0.239707,0.032191
0.239727,0.033315
0.239746,0.034586
0.239766,0.035925
0.239785,0.036987
0.239805,0.037819
0.239824,0.038806
0.239844,0.039419
0.239863,0.040247
0.239883,0.040972
0.239902,0.041804
0.239922,0.042707
0.239941,0.043439
0.239961,0.044354
0.23998,0.045337
0.24,0.046341
0.24002,0.047315
0.240039,0.048294
0.240059,0.049067
0.240078,0.049769
0.240098,0.05026
0.240117,0.050994
0.240137,0.051714
0.240156,0.052459
0.240176,0.053438
0.240195,0.054412
0.240215,0.055229
0.240234,0.055964
0.240254,0.056665
0.240273,0.057318
0.240293,0.05798
0.240312,0.058628
0.240332,0.059306
0.240352,0.059984
0.240371,0.060544
0.240391,0.06113
0.24041,0.061738
0.24043,0.062474
0.240449,0.063476
0.240469,0.064125
0.240488,0.064831
0.240508,0.065517
0.240527,0.065988
0.240547,0.066426
0.240566,0.066968
0.240586,0.067511
0.240605,0.068088
0.240625,0.06873
0.240645,0.069141
0.240664,0.069645
0.240684,0.070147
0.240703,0.070761
0.240723,0.071275
0.240742,0.071843
0.240762,0.072305
0.240781,0.072561
0.240801,0.072863
0.24082,0.073147
0.24084,0.073249
0.240859,0.073289
0.240879,0.07341
0.240898,0.07369
0.240918,0.073836
0.240937,0.074008
0.240957,0.074311
0.240977,0.07461
0.240996,0.074894
0.241016,0.075161
0.241035,0.075239
0.241055,0.075376
0.241074,0.075391
0.241094,0.075258
0.241113,0.075283
0.241133,0.075156
0.241152,0.075115
0.241172,0.075034
0.241191,0.074934
0.241211,0.074834
0.24123,0.074764
0.24125,0.074713
0.24127,0.074603
0.241289,0.074449
0.241309,0.074367
0.241328,0.074064
0.241348,0.073728
0.241367,0.073385
0.241387,0.073127
0.241406,0.072972
0.241426,0.072604
0.241445,0.072215
0.241465,0.071597
0.241484,0.070911
0.241504,0.070343
0.241523,0.069772
0.241543,0.069279
0.241562,0.068866
0.241582,0.06844
0.241602,0.067869
0.241621,0.067133
0.241641,0.066318
0.24166,0.065675
0.24168,0.064896
0.241699,0.064106
0.241719,0.063287
0.241738,0.062164
0.241758,0.061142
0.241777,0.060301
0.241797,0.059548
0.241816,0.058888
0.241836,0.058173
0.241855,0.057558
0.241875,0.05693
0.241895,0.056085
0.241914,0.055248
0.241934,0.054249
0.241953,0.053168
0.241973,0.052337
0.241992,0.05149
0.242012,0.050758
0.242031,0.04963
0.242051,0.048678
0.24207,0.047809
0.24209,0.047127
0.242109,0.046209
0.242129,0.045305
0.242148,0.044301
0.242168,0.043217
0.242187,0.042036
0.242207,0.040856
0.242227,0.039745
0.242246,0.038671
0.242266,0.037719
0.242285,0.036728
0.242305,0.0357
0.242324,0.034604
0.242344,0.03339
0.242363,0.032264
0.242383,0.03125
0.242402,0.029936
0.242422,0.028785
0.242441,0.027493
0.242461,0.026342
0.24248,0.025094
0.2425,0.024044
0.24252,0.023018
0.242539,0.021783
0.242559,0.02072
0.242578,0.0197
0.242598,0.018546
0.242617,0.017344
0.242637,0.016177
0.242656,0.014874
0.242676,0.013622
0.242695,0.012289
0.242715,0.010803
0.242734,0.009492
0.242754,0.008313
0.242773,0.007265
0.242793,0.006156
0.242812,0.004975
0.242832,0.003826
0.242852,0.00269
0.242871,0.001465
0.242891,5.95E-05
0.24291,-0.001221
0.24293,-0.002483
0.242949,-0.003822
0.242969,-0.005274
0.242988,-0.006766
0.243008,-0.008013
0.243027,-0.009092
0.243047,-0.010182
0.243066,-0.0113
0.243086,-0.012153
0.243105,-0.013155
0.243125,-0.014626
0.243145,-0.015981
0.243164,-0.017142
0.243184,-0.018292
0.243203,-0.019537
0.243223,-0.020712
0.243242,-0.022011
0.243262,-0.02315
0.243281,-0.024384
0.243301,-0.025678
0.24332,-0.026853
0.24334,-0.02796
0.243359,-0.028911
0.243379,-0.029973
0.243398,-0.03119
0.243418,-0.032408
0.243437,-0.033327
0.243457,-0.034471
0.243477,-0.035564
0.243496,-0.036645
0.243516,-0.037428
0.243535,-0.038561
0.243555,-0.040195
0.243574,-0.041558
0.243594,-0.042467
0.243613,-0.043515
0.243633,-0.044809
0.243652,-0.045866
0.243672,-0.046532
0.243691,-0.0473
0.243711,-0.04853
0.24373,-0.049508
0.24375,-0.050449
0.24377,-0.051513
0.243789,-0.052682
0.243809,-0.053607
0.243828,-0.05475
0.243848,-0.055971
0.243867,-0.056895
0.243887,-0.057778
0.243906,-0.058633
0.243926,-0.059403
0.243945,-0.060242
0.243965,-0.060948
0.243984,-0.06176
0.244004,-0.062475
0.244023,-0.063182
0.244043,-0.064048
0.244062,-0.06489
0.244082,-0.06566
0.244102,-0.066293
0.244121,-0.066977
0.244141,-0.067567
0.24416,-0.068162
0.24418,-0.068746
0.244199,-0.069333
0.244219,-0.070106
0.244238,-0.070813
0.244258,-0.071426
0.244277,-0.071897
0.244297,-0.072206
0.244316,-0.072666
0.244336,-0.073383
0.244355,-0.074117
0.244375,-0.074486
0.244395,-0.074387
0.244414,-0.074867
0.244434,-0.075445
0.244453,-0.076335
0.244473,-0.076449
0.244492,-0.07703
0.244512,-0.077335
0.244531,-0.07697
0.244551,-0.078768
0.24457,-0.086397
0.24459,-0.090642
0.244609,-0.084902
0.244629,-0.078651
0.244648,-0.081304
0.244668,-0.082623
0.244687,-0.075812
0.244707,-0.072123
0.244727,-0.083443
0.244746,-0.095389
0.244766,-0.090994
0.244785,-0.082417
0.244805,-0.088112
0.244824,-0.097142
0.244844,-0.091809
0.244863,-0.080453
0.244883,-0.083188
0.244902,-0.095987
0.244922,-0.100692
0.244941,-0.093047
0.244961,-0.087587
0.24498,-0.092042
0.245,-0.097822
0.24502,-0.094222
0.245039,-0.087172
0.245059,-0.08691
0.245078,-0.090756
0.245098,-0.092121
0.245117,-0.093231
0.245137,-0.095829
0.245156,-0.09597
0.245176,-0.09123
0.245195,-0.087869
0.245215,-0.091541
0.245234,-0.096598
0.245254,-0.09225
0.245273,-0.084722
0.245293,-0.086736
0.245312,-0.095606
0.245332,-0.097431
0.245352,-0.087024
0.245371,-0.077562
0.245391,-0.081141
0.24541,-0.088968
0.24543,-0.088114
0.245449,-0.08054
0.245469,-0.077462
0.245488,-0.083151
0.245508,-0.088106
0.245527,-0.08426
0.245547,-0.07781
0.245566,-0.07576
0.245586,-0.076593
0.245605,-0.077895
0.245625,-0.077214
0.245645,-0.076114
0.245664,-0.073567
0.245684,-0.070127
0.245703,-0.068738
0.245723,-0.070487
0.245742,-0.069314
0.245762,-0.065127
0.245781,-0.062738
0.245801,-0.06315
0.24582,-0.065395
0.24584,-0.066717
0.245859,-0.062409
0.245879,-0.057533
0.245898,-0.056128
0.245918,-0.056951
0.245937,-0.055954
0.245957,-0.051719
0.245977,-0.049752
0.245996,-0.054813
0.246016,-0.055803
0.246035,-0.048619
0.246055,-0.04127
0.246074,-0.041373
0.246094,-0.04341
0.246113,-0.041248
0.246133,-0.037724
0.246152,-0.040646
0.246172,-0.045197
0.246191,-0.042525
0.246211,-0.035156
0.24623,-0.032922
0.24625,-0.032788
0.24627,-0.029171
0.246289,-0.022584
0.246309,-0.020407
0.246328,-0.022465
0.246348,-0.022296
0.246367,-0.020098
0.246387,-0.02314
0.246406,-0.028445
0.246426,-0.026527
0.246445,-0.018563
0.246465,-0.014516
0.246484,-0.014623
0.246504,-0.013789
0.246523,-0.009948
0.246543,-0.007185
0.246562,-0.008936
0.246582,-0.010646
0.246602,-0.008553
0.246621,-0.00707
0.246641,-0.006423
0.24666,-0.005402
0.24668,-0.004516
0.246699,-0.003792
0.246719,-0.002701
0.246738,-0.001224
0.246758,0.001135
0.246777,0.002563
0.246797,0.002177
0.246816,0.002122
0.246836,0.00438
0.246855,0.008329
0.246875,0.010786
0.246895,0.008466
0.246914,0.007101
0.246934,0.01336
0.246953,0.020805
0.246973,0.01902
0.246992,0.013175
0.247012,0.014519
0.247031,0.019751
0.247051,0.021062
0.24707,0.019889
0.24709,0.020322
0.247109,0.022579
0.247129,0.024293
0.247148,0.024587
0.247168,0.024931
0.247187,0.026317
0.247207,0.029519
0.247227,0.033488
0.247246,0.03522
0.247266,0.034152
0.247285,0.034538
0.247305,0.038142
0.247324,0.041082
0.247344,0.041124
0.247363,0.042028
0.247383,0.045178
0.247402,0.047525
0.247422,0.047741
0.247441,0.048276
0.247461,0.050443
0.24748,0.052011
0.2475,0.05329
0.24752,0.055376
0.247539,0.057126
0.247559,0.057503
0.247578,0.057042
0.247598,0.058682
0.247617,0.060886
0.247637,0.058856
0.247656,0.056053
0.247676,0.057686
0.247695,0.062579
0.247715,0.065214
0.247734,0.064672
0.247754,0.066126
0.247773,0.07093
0.247793,0.072195
0.247812,0.069539
0.247832,0.069716
0.247852,0.074334
0.247871,0.07765
0.247891,0.077778
0.24791,0.078089
0.24793,0.08142
0.247949,0.083681
0.247969,0.082218
0.247988,0.079779
0.248008,0.080057
0.248027,0.081249
0.248047,0.079433
0.248066,0.076464
0.248086,0.077649
0.248105,0.08224
0.248125,0.085189
0.248145,0.085577
0.248164,0.084642
0.248184,0.083865
0.248203,0.084208
0.248223,0.082689
0.248242,0.080049
0.248262,0.07994
0.248281,0.081365
0.248301,0.081439
0.24832,0.082884
0.24834,0.086789
0.248359,0.089711
0.248379,0.088486
0.248398,0.086115
0.248418,0.08711
0.248437,0.088266
0.248457,0.086062
0.248477,0.083453
0.248496,0.082535
0.248516,0.082871
0.248535,0.081722
0.248555,0.079131
0.248574,0.079445
0.248594,0.08216
0.248613,0.082788
0.248633,0.080993
0.248652,0.078812
0.248672,0.078046
0.248691,0.077976
0.248711,0.076622
0.24873,0.075578
0.24875,0.075725
0.24877,0.07559
0.248789,0.074965
0.248809,0.074423
0.248828,0.074705
0.248848,0.07557
0.248867,0.076546
0.248887,0.076485
0.248906,0.075228
0.248926,0.073431
0.248945,0.072687
0.248965,0.07313
0.248984,0.072976
0.249004,0.071872
0.249023,0.071862
0.249043,0.072509
0.249062,0.071295
0.249082,0.067857
0.249102,0.066282
0.249121,0.065762
0.249141,0.063479
0.24916,0.061434
0.24918,0.061286
0.249199,0.060843
0.249219,0.059335
0.249238,0.057407
0.249258,0.056686
0.249277,0.056889
0.249297,0.055474
0.249316,0.053036
0.249336,0.052961
0.249355,0.055099
0.249375,0.05603
0.249395,0.055012
0.249414,0.053359
0.249434,0.052337
0.249453,0.051208
0.249473,0.048345
0.249492,0.04488
0.249512,0.042671
0.249531,0.042772
0.249551,0.043348
0.24957,0.041791
0.24959,0.039889
0.249609,0.040482
0.249629,0.040799
0.249648,0.037851
0.249668,0.03422
0.249687,0.032452
0.249707,0.032184
0.249727,0.030918
0.249746,0.029743
0.249766,0.030565
0.249785,0.032516
0.249805,0.032978
0.249824,0.031019
0.249844,0.029523
0.249863,0.029674
0.249883,0.028972
0.249902,0.027401
0.249922,0.026422
0.249941,0.027354
0.249961,0.029163
0.24998,0.030232
0.25,0.029781
0.25002,0.027966
0.250039,0.025472
0.250059,0.023263
0.250078,0.021033
0.250098,0.018674
0.250117,0.017598
0.250137,0.018003
0.250156,0.016687
0.250176,0.014881
0.250195,0.015157
0.250215,0.017824
0.250234,0.019188
0.250254,0.017757
0.250273,0.016011
0.250293,0.016369
0.250312,0.016261
0.250332,0.013315
0.250352,0.010383
0.250371,0.010515
0.250391,0.011296
0.25041,0.010445
0.25043,0.009362
0.250449,0.009788
0.250469,0.010246
0.250488,0.008627
0.250508,0.00707
0.250527,0.006777
0.250547,0.005954
0.250566,0.002154
0.250586,-0.002488
0.250605,-0.004129
0.250625,-0.003598
0.250645,-0.004218
0.250664,-0.005913
0.250684,-0.006272
0.250703,-0.005087
0.250723,-0.004642
0.250742,-0.006404
0.250762,-0.00924
0.250781,-0.011252
0.250801,-0.011171
0.25082,-0.010045
0.25084,-0.011068
0.250859,-0.012741
0.250879,-0.012437
0.250898,-0.011836
0.250918,-0.013225
0.250937,-0.016072
0.250957,-0.017917
0.250977,-0.018676
0.250996,-0.020304
0.251016,-0.022054
0.251035,-0.022217
0.251055,-0.023009
0.251074,-0.025346
0.251094,-0.027872
0.251113,-0.029819
0.251133,-0.0307
0.251152,-0.032776
0.251172,-0.036189
0.251191,-0.037517
0.251211,-0.036567
0.25123,-0.036546
0.25125,-0.037905
0.25127,-0.039082
0.251289,-0.039381
0.251309,-0.039771
0.251328,-0.041957
0.251348,-0.044805
0.251367,-0.045416
0.251387,-0.043886
0.251406,-0.043068
0.251426,-0.043696
0.251445,-0.044502
0.251465,-0.043744
0.251484,-0.043084
0.251504,-0.044944
0.251523,-0.048882
0.251543,-0.051923
0.251562,-0.053373
0.251582,-0.054419
0.251602,-0.055184
0.251621,-0.055326
0.251641,-0.055414
0.25166,-0.05606
0.25168,-0.056556
0.251699,-0.057183
0.251719,-0.058422
0.251738,-0.059963
0.251758,-0.059897
0.251777,-0.058031
0.251797,-0.057449
0.251816,-0.058457
0.251836,-0.058491
0.251855,-0.056865
0.251875,-0.055574
0.251895,-0.055183
0.251914,-0.056014
0.251934,-0.057143
0.251953,-0.058394
0.251973,-0.059105
0.251992,-0.058863
0.252012,-0.058475
0.252031,-0.059281
0.252051,-0.059474
0.25207,-0.058267
0.25209,-0.057387
0.252109,-0.058501
0.252129,-0.060822
0.252148,-0.061666
0.252168,-0.06131
0.252187,-0.062291
0.252207,-0.063799
0.252227,-0.064791
0.252246,-0.064815
0.252266,-0.063911
0.252285,-0.061434
0.252305,-0.059159
0.252324,-0.057567
0.252344,-0.056306
0.252363,-0.054824
0.252383,-0.053656
0.252402,-0.054126
0.252422,-0.056279
0.252441,-0.057446
0.252461,-0.057213
0.25248,-0.05592
0.2525,-0.054449
0.25252,-0.053485
0.252539,-0.05276
0.252559,-0.051931
0.252578,-0.051629
0.252598,-0.051376
0.252617,-0.051954
0.252637,-0.052659
0.252656,-0.052113
0.252676,-0.050816
0.252695,-0.050287
0.252715,-0.050772
0.252734,-0.050073
0.252754,-0.04769
0.252773,-0.045658
0.252793,-0.045264
0.252812,-0.045369
0.252832,-0.044796
0.252852,-0.04299
0.252871,-0.040981
0.252891,-0.039976
0.25291,-0.039747
0.25293,-0.038861
0.252949,-0.037832
0.252969,-0.037729
0.252988,-0.038866
0.253008,-0.038965
0.253027,-0.037825
0.253047,-0.036771
0.253066,-0.036285
0.253086,-0.035847
0.253105,-0.035187
0.253125,-0.034014
0.253145,-0.033668
0.253164,-0.033625
0.253184,-0.034389
0.253203,-0.035673
0.253223,-0.03582
0.253242,-0.033795
0.253262,-0.030873
0.253281,-0.02925
0.253301,-0.029249
0.25332,-0.028451
0.25334,-0.02616
0.253359,-0.024928
0.253379,-0.025862
0.253398,-0.026494
0.253418,-0.025206
0.253437,-0.023109
0.253457,-0.022761
0.253477,-0.023266
0.253496,-0.022595
0.253516,-0.020778
0.253535,-0.018648
0.253555,-0.017489
0.253574,-0.01805
0.253594,-0.01917
0.253613,-0.019451
0.253633,-0.018706
0.253652,-0.018437
0.253672,-0.018924
0.253691,-0.018717
0.253711,-0.016546
0.25373,-0.014661
0.25375,-0.014086
0.25377,-0.013554
0.253789,-0.012165
0.253809,-0.010922
0.253828,-0.010229
0.253848,-0.009755
0.253867,-0.008804
0.253887,-0.007826
0.253906,-0.007035
0.253926,-0.005618
0.253945,-0.003726
0.253965,-0.002912
0.253984,-0.002888
0.254004,-0.002688
0.254023,-0.002171
0.254043,-0.002716
0.254062,-0.004294
0.254082,-0.005099
0.254102,-0.004633
0.254121,-0.0037
0.254141,-0.00212
0.25416,-8.24E-05
0.25418,0.002237
0.254199,0.003426
0.254219,0.003448
0.254238,0.003154
0.254258,0.003001
0.254277,0.00318
0.254297,0.003514
0.254316,0.004533
0.254336,0.006107
0.254355,0.007637
0.254375,0.008572
0.254395,0.010836
0.254414,0.013713
0.254434,0.015265
0.254453,0.015079
0.254473,0.014264
0.254492,0.014023
0.254512,0.014887
0.254531,0.015651
0.254551,0.015017
0.25457,0.014434
0.25459,0.014998
0.254609,0.016201
0.254629,0.016834
0.254648,0.016189
0.254668,0.016352
0.254687,0.017917
0.254707,0.019486
0.254727,0.020113
0.254746,0.019961
0.254766,0.020356
0.254785,0.021959
0.254805,0.023244
0.254824,0.023503
0.254844,0.023004
0.254863,0.022727
0.254883,0.023727
0.254902,0.026035
0.254922,0.027739
0.254941,0.028234
0.254961,0.028323
0.25498,0.028356
0.255,0.028424
0.25502,0.027879
0.255039,0.027277
0.255059,0.026886
0.255078,0.02685
0.255098,0.027205
0.255117,0.027301
0.255137,0.027112
0.255156,0.027183
0.255176,0.027841
0.255195,0.029173
0.255215,0.029923
0.255234,0.029304
0.255254,0.028032
0.255273,0.027771
0.255293,0.028386
0.255312,0.028545
0.255332,0.028233
0.255352,0.02853
0.255371,0.029458
0.255391,0.030338
0.25541,0.030929
0.25543,0.031204
0.255449,0.030885
0.255469,0.030464
0.255488,0.029949
0.255508,0.029253
0.255527,0.027918
0.255547,0.027095
0.255566,0.027013
0.255586,0.027464
0.255605,0.027443
0.255625,0.026883
0.255645,0.026342
0.255664,0.026094
0.255684,0.025976
0.255703,0.024872
0.255723,0.022864
0.255742,0.021281
0.255762,0.02115
0.255781,0.022038
0.255801,0.0232
0.25582,0.023658
0.25584,0.023571
0.255859,0.023819
0.255879,0.023677
0.255898,0.021811
0.255918,0.019895
0.255937,0.019428
0.255957,0.019945
0.255977,0.019991
0.255996,0.019551
0.256016,0.019267
0.256035,0.01951
0.256055,0.01942
0.256074,0.018666
0.256094,0.017213
0.256113,0.015074
0.256133,0.01253
0.256152,0.010872
0.256172,0.010729
0.256191,0.011152
0.256211,0.010833
0.25623,0.010641
0.25625,0.011178
0.25627,0.011806
0.256289,0.011625
0.256309,0.010694
0.256328,0.009623
0.256348,0.008825
0.256367,0.0083
0.256387,0.00789
0.256406,0.006996
0.256426,0.006077
0.256445,0.006017
0.256465,0.00669
0.256484,0.006638
0.256504,0.005743
0.256523,0.004473
0.256543,0.004344
0.256562,0.005355
0.256582,0.005495
0.256602,0.004331
0.256621,0.002793
0.256641,0.00196
0.25666,0.001405
0.25668,0.000724
0.256699,0.000184
0.256719,0.000214
0.256738,0.001261
0.256758,0.00224
0.256777,0.00238
0.256797,0.002133
0.256816,0.002639
0.256836,0.003615
0.256855,0.003845
0.256875,0.003413
0.256895,0.003038
0.256914,0.002555
0.256934,0.002462
0.256953,0.002409
0.256973,0.002867
0.256992,0.003089
0.257012,0.003197
0.257031,0.00348
0.257051,0.003727
0.25707,0.003598
0.25709,0.003049
0.257109,0.002298
0.257129,0.002185
0.257148,0.00159
0.257168,0.000153
0.257187,-0.000727
0.257207,0.000165
0.257227,0.000965
0.257246,0.001304
0.257266,0.001271
0.257285,0.001902
0.257305,0.002518
0.257324,0.002694
0.257344,0.002451
0.257363,0.001485
0.257383,0.000148
0.257402,-0.000676
0.257422,-0.000346
0.257441,0.000334
0.257461,0.000655
0.25748,0.001084
0.2575,0.001778
0.25752,0.002055
0.257539,0.000645
0.257559,-0.001317
0.257578,-0.002283
0.257598,-0.002377
0.257617,-0.002493
0.257637,-0.002943
0.257656,-0.002879
0.257676,-0.002714
0.257695,-0.002598
0.257715,-0.002753
0.257734,-0.002779
0.257754,-0.003472
0.257773,-0.004838
0.257793,-0.006302
0.257812,-0.006508
0.257832,-0.006193
0.257852,-0.005683
0.257871,-0.00544
0.257891,-0.004814
0.25791,-0.004239
0.25793,-0.00425
0.257949,-0.005384
0.257969,-0.006382
0.257988,-0.007241
0.258008,-0.008038
0.258027,-0.009006
0.258047,-0.0099
0.258066,-0.010095
0.258086,-0.009491
0.258105,-0.009224
0.258125,-0.009885
0.258145,-0.010872
0.258164,-0.011085
0.258184,-0.011692
0.258203,-0.012421
0.258223,-0.013185
0.258242,-0.0134
0.258262,-0.013067
0.258281,-0.013156
0.258301,-0.013603
0.25832,-0.013751
0.25834,-0.012828
0.258359,-0.011682
0.258379,-0.011099
0.258398,-0.011055
0.258418,-0.011131
0.258437,-0.011283
0.258457,-0.01191
0.258477,-0.012165
0.258496,-0.012191
0.258516,-0.012621
0.258535,-0.012948
0.258555,-0.013157
0.258574,-0.013083
0.258594,-0.012508
0.258613,-0.01214
0.258633,-0.012045
0.258652,-0.011896
0.258672,-0.011487
0.258691,-0.011036
0.258711,-0.011375
0.25873,-0.011969
0.25875,-0.012214
0.25877,-0.011685
0.258789,-0.011247
0.258809,-0.011361
0.258828,-0.011279
0.258848,-0.010629
0.258867,-0.00912
0.258887,-0.008224
0.258906,-0.007835
0.258926,-0.007662
0.258945,-0.007547
0.258965,-0.007495
0.258984,-0.007661
0.259004,-0.008472
0.259023,-0.009603
0.259043,-0.010541
0.259062,-0.010526
0.259082,-0.009996
0.259102,-0.009421
0.259121,-0.008868
0.259141,-0.008168
0.25916,-0.007524
0.25918,-0.007298
0.259199,-0.008229
0.259219,-0.009443
0.259238,-0.010244
0.259258,-0.009885
0.259277,-0.009119
0.259297,-0.00841
0.259316,-0.008106
0.259336,-0.007256
0.259355,-0.005422
0.259375,-0.004294
0.259395,-0.004411
0.259414,-0.004812
0.259434,-0.004751
0.259453,-0.004496
0.259473,-0.004787
0.259492,-0.0049
0.259512,-0.004291
0.259531,-0.003364
0.259551,-0.002614
0.25957,-0.002406
0.25959,-0.002432
0.259609,-0.002738
0.259629,-0.003083
0.259648,-0.003332
0.259668,-0.003273
0.259687,-0.003093
0.259707,-0.003127
0.259727,-0.002418
0.259746,-0.000935
0.259766,0.000185
0.259785,0.000139
0.259805,-0.000259
0.259824,1.24E-05
0.259844,0.000494
0.259863,0.0006
0.259883,0.000534
0.259902,0.000686
0.259922,0.001371
0.259941,0.002124
0.259961,0.002766
0.25998,0.002971
0.26,0.003327
0.26002,0.003857
0.260039,0.004369
0.260059,0.004325
0.260078,0.003457
0.260098,0.002293
0.260117,0.00205
0.260137,0.002703
0.260156,0.003316
0.260176,0.003113
0.260195,0.003152
0.260215,0.003687
0.260234,0.004772
0.260254,0.005386
0.260273,0.005415
0.260293,0.005032
0.260312,0.005344
0.260332,0.005993
0.260352,0.006379
0.260371,0.0065
0.260391,0.006714
0.26041,0.007507
0.26043,0.008682
0.260449,0.009436
0.260469,0.00949
0.260488,0.009376
0.260508,0.009266
0.260527,0.009637
0.260547,0.009965
0.260566,0.009634
0.260586,0.00881
0.260605,0.008543
0.260625,0.00874
0.260645,0.009091
0.260664,0.008961
0.260684,0.008468
0.260703,0.008691
0.260723,0.009658
0.260742,0.01056
0.260762,0.011268
0.260781,0.011312
0.260801,0.011534
0.26082,0.011747
0.26084,0.011628
0.260859,0.01076
0.260879,0.009504
0.260898,0.009112
0.260918,0.010293
0.260937,0.011553
0.260957,0.012028
0.260977,0.012204
0.260996,0.013037
0.261016,0.014009
0.261035,0.013894
0.261055,0.012533
0.261074,0.011287
0.261094,0.010836
0.261113,0.010681
0.261133,0.010194
0.261152,0.010423
0.261172,0.01089
0.261191,0.012093
0.261211,0.01316
0.26123,0.014158
0.26125,0.014137
0.26127,0.01389
0.261289,0.013978
0.261309,0.014335
0.261328,0.014332
0.261348,0.014138
0.261367,0.014287
0.261387,0.015284
0.261406,0.016464
0.261426,0.016829
0.261445,0.016633
0.261465,0.016495
0.261484,0.016689
0.261504,0.016934
0.261523,0.016884
0.261543,0.016599
0.261562,0.016427
0.261582,0.016541
0.261602,0.016893
0.261621,0.017211
0.261641,0.016917
0.26166,0.016893
0.26168,0.017172
0.261699,0.01733
0.261719,0.01707
0.261738,0.016545
0.261758,0.016031
0.261777,0.01621
0.261797,0.016742
0.261816,0.017476
0.261836,0.017936
0.261855,0.018121
0.261875,0.018378
0.261895,0.018641
0.261914,0.018397
0.261934,0.017823
0.261953,0.016601
0.261973,0.01594
0.261992,0.015505
0.262012,0.015205
0.262031,0.014829
0.262051,0.01453
0.26207,0.014368
0.26209,0.014303
0.262109,0.014142
0.262129,0.013192
0.262148,0.012052
0.262168,0.011088
0.262187,0.010518
0.262207,0.01004
0.262227,0.009498
0.262246,0.009151
0.262266,0.009206
0.262285,0.009122
0.262305,0.00893
0.262324,0.008501
0.262344,0.008129
0.262363,0.007544
0.262383,0.007044
0.262402,0.006635
0.262422,0.006102
0.262441,0.00555
0.262461,0.005089
0.26248,0.004246
0.2625,0.003259
0.26252,0.002
0.262539,0.000837
0.262559,0.00022
0.262578,-0.000183
0.262598,-0.000747
0.262617,-0.001282
0.262637,-0.001944
0.262656,-0.002672
0.262676,-0.003924
0.262695,-0.00522
0.262715,-0.006527
0.262734,-0.007423
0.262754,-0.008227
0.262773,-0.008379
0.262793,-0.008219
0.262812,-0.007924
0.262832,-0.007497
0.262852,-0.007141
0.262871,-0.007059
0.262891,-0.007514
0.26291,-0.008742
0.26293,-0.01022
0.262949,-0.011332
0.262969,-0.012391
0.262988,-0.013036
0.263008,-0.013344
0.263027,-0.013361
0.263047,-0.012998
0.263066,-0.012613
0.263086,-0.01237
0.263105,-0.013038
0.263125,-0.013836
0.263145,-0.014329
0.263164,-0.014906
0.263184,-0.015714
0.263203,-0.016618
0.263223,-0.016953
0.263242,-0.016862
0.263262,-0.016618
0.263281,-0.016546
0.263301,-0.016194
0.26332,-0.015529
0.26334,-0.01496
0.263359,-0.015049
0.263379,-0.015311
0.263398,-0.015604
0.263418,-0.015782
0.263437,-0.016103
0.263457,-0.016131
0.263477,-0.016123
0.263496,-0.015803
0.263516,-0.015553
0.263535,-0.015319
0.263555,-0.015669
0.263574,-0.015803
0.263594,-0.016087
0.263613,-0.016166
0.263633,-0.016263
0.263652,-0.016401
0.263672,-0.016141
0.263691,-0.015572
0.263711,-0.014941
0.26373,-0.014498
0.26375,-0.014323
0.26377,-0.01409
0.263789,-0.014184
0.263809,-0.014258
0.263828,-0.014534
0.263848,-0.014604
0.263867,-0.014509
0.263887,-0.013968
0.263906,-0.013078
0.263926,-0.01246
0.263945,-0.012223
0.263965,-0.012257
0.263984,-0.012274
0.264004,-0.012392
0.264023,-0.012737
0.264043,-0.013294
0.264062,-0.013579
0.264082,-0.013548
0.264102,-0.013181
0.264121,-0.012882
0.264141,-0.012814
0.26416,-0.013005
0.26418,-0.013031
0.264199,-0.013012
0.264219,-0.012927
0.264238,-0.013005
0.264258,-0.012954
0.264277,-0.012682
0.264297,-0.01228
0.264316,-0.012167
0.264336,-0.012334
0.264355,-0.012764
0.264375,-0.013096
0.264395,-0.012896
0.264414,-0.012419
0.264434,-0.012416
0.264453,-0.012668
0.264473,-0.012671
0.264492,-0.012225
0.264512,-0.012123
0.264531,-0.012547
0.264551,-0.013344
0.26457,-0.013972
0.26459,-0.014528
0.264609,-0.01486
0.264629,-0.015215
0.264648,-0.015116
0.264668,-0.014479
0.264687,-0.013633
0.264707,-0.013153
0.264727,-0.012922
0.264746,-0.013422
0.264766,-0.013988
0.264785,-0.014183
0.264805,-0.014444
0.264824,-0.015181
0.264844,-0.015446
0.264863,-0.015156
0.264883,-0.014559
0.264902,-0.014068
0.264922,-0.013728
0.264941,-0.013547
0.264961,-0.01306
0.26498,-0.01323
0.265,-0.013808
0.26502,-0.0145
0.265039,-0.015485
0.265059,-0.016325
0.265078,-0.016678
0.265098,-0.016683
0.265117,-0.01629
0.265137,-0.016037
0.265156,-0.015413
0.265176,-0.014349
0.265195,-0.013617
0.265215,-0.013753
0.265234,-0.014146
0.265254,-0.014334
0.265273,-0.014224
0.265293,-0.014145
0.265312,-0.014278
0.265332,-0.014286
0.265352,-0.013838
0.265371,-0.012788
0.265391,-0.01194
0.26541,-0.011763
0.26543,-0.011878
0.265449,-0.011882
0.265469,-0.011509
0.265488,-0.011354
0.265508,-0.011756
0.265527,-0.012121
0.265547,-0.011611
0.265566,-0.010568
0.265586,-0.010109
0.265605,-0.010095
0.265625,-0.010351
0.265645,-0.010276
0.265664,-0.009941
0.265684,-0.00968
0.265703,-0.009696
0.265723,-0.009683
0.265742,-0.00895
0.265762,-0.007839
0.265781,-0.006991
0.265801,-0.006417
0.26582,-0.006311
0.26584,-0.006166
0.265859,-0.005889
0.265879,-0.005492
0.265898,-0.005573
0.265918,-0.005364
0.265937,-0.00496
0.265957,-0.004187
0.265977,-0.003477
0.265996,-0.003201
0.266016,-0.003162
0.266035,-0.002951
0.266055,-0.002301
0.266074,-0.001741
0.266094,-0.001635
0.266113,-0.001665
0.266133,-0.001446
0.266152,-0.000946
0.266172,-0.000249
0.266191,3.63E-05
0.266211,0.000316
0.26623,0.000739
0.26625,0.001104
0.26627,0.001753
0.266289,0.002275
0.266309,0.003023
0.266328,0.003846
0.266348,0.004695
0.266367,0.005456
0.266387,0.005534
0.266406,0.005432
0.266426,0.005424
0.266445,0.005726
0.266465,0.006333
0.266484,0.006657
0.266504,0.006963
0.266523,0.007498
0.266543,0.008417
0.266562,0.009215
0.266582,0.009616
0.266602,0.009653
0.266621,0.009655
0.266641,0.009855
0.26666,0.009788
0.26668,0.009445
0.266699,0.009033
0.266719,0.009336
0.266738,0.010129
0.266758,0.010976
0.266777,0.011645
0.266797,0.012178
0.266816,0.012952
0.266836,0.013705
0.266855,0.013647
0.266875,0.01321
0.266895,0.012597
0.266914,0.012137
0.266934,0.012023
0.266953,0.012445
0.266973,0.012604
0.266992,0.013073
0.267012,0.013859
0.267031,0.014828
0.267051,0.015349
0.26707,0.0153
0.26709,0.015005
0.267109,0.014424
0.267129,0.014086
0.267148,0.01379
0.267168,0.013564
0.267187,0.013781
0.267207,0.014475
0.267227,0.015379
0.267246,0.016415
0.267266,0.016967
0.267285,0.017063
0.267305,0.017108
0.267324,0.017223
0.267344,0.017312
0.267363,0.017292
0.267383,0.017059
0.267402,0.017139
0.267422,0.01757
0.267441,0.018183
0.267461,0.018265
0.26748,0.018317
0.2675,0.018272
0.26752,0.018384
0.267539,0.018443
0.267559,0.018619
0.267578,0.018816
0.267598,0.019243
0.267617,0.019377
0.267637,0.01955
0.267656,0.019485
0.267676,0.019444
0.267695,0.01943
0.267715,0.019551
0.267734,0.019682
0.267754,0.019793
0.267773,0.019918
0.267793,0.020121
0.267812,0.020562
0.267832,0.020875
0.267852,0.021348
0.267871,0.021737
0.267891,0.021861
0.26791,0.021958
0.26793,0.021918
0.267949,0.021989
0.267969,0.022274
0.267988,0.022726
0.268008,0.022735
0.268027,0.022732
0.268047,0.022903
0.268066,0.023105
0.268086,0.023265
0.268105,0.023548
0.268125,0.023982
0.268145,0.024409
0.268164,0.024832
0.268184,0.024909
0.268203,0.025086
0.268223,0.025195
0.268242,0.025142
0.268262,0.025219
0.268281,0.025376
0.268301,0.025438
0.26832,0.025451
0.26834,0.025214
0.268359,0.025484
0.268379,0.025978
0.268398,0.026116
0.268418,0.02623
0.268437,0.02631
0.268457,0.026371
0.268477,0.026203
0.268496,0.02582
0.268516,0.025175
0.268535,0.024459
0.268555,0.023733
0.268574,0.02307
0.268594,0.022867
0.268613,0.022795
0.268633,0.022705
0.268652,0.02288
0.268672,0.022928
0.268691,0.022693
0.268711,0.02219
0.26873,0.02121
0.26875,0.020205
0.26877,0.019186
0.268789,0.018155
0.268809,0.017286
0.268828,0.016942
0.268848,0.016842
0.268867,0.017065
0.268887,0.017101
0.268906,0.016865
0.268926,0.016279
0.268945,0.015169
0.268965,0.014026
0.268984,0.012677
0.269004,0.011298
0.269023,0.010366
0.269043,0.009767
0.269062,0.009487
0.269082,0.009124
0.269102,0.008745
0.269121,0.008467
0.269141,0.007907
0.26916,0.006991
0.26918,0.00584
0.269199,0.004512
0.269219,0.003536
0.269238,0.002837
0.269258,0.002264
0.269277,0.001527
0.269297,0.000707
0.269316,0.000233
0.269336,-0.000249
0.269355,-0.000671
0.269375,-0.001308
0.269395,-0.002071
0.269414,-0.002847
0.269434,-0.003606
0.269453,-0.004433
0.269473,-0.005352
0.269492,-0.006269
0.269512,-0.007053
0.269531,-0.007868
0.269551,-0.008535
0.26957,-0.009372
0.26959,-0.01039
0.269609,-0.011055
0.269629,-0.01118
0.269648,-0.011405
0.269668,-0.011904
0.269687,-0.012683
0.269707,-0.013421
0.269727,-0.013885
0.269746,-0.014335
0.269766,-0.014781
0.269785,-0.015545
0.269805,-0.016108
0.269824,-0.016434
0.269844,-0.016644
0.269863,-0.017231
0.269883,-0.017863
0.269902,-0.018105
0.269922,-0.018087
0.269941,-0.018031
0.269961,-0.018345
0.26998,-0.018802
0.27,-0.019026
0.27002,-0.019194
0.270039,-0.019453
0.270059,-0.020106
0.270078,-0.020731
0.270098,-0.021139
0.270117,-0.021252
0.270137,-0.021359
0.270156,-0.021734
0.270176,-0.022141
0.270195,-0.022372
0.270215,-0.022513
0.270234,-0.022485
0.270254,-0.022573
0.270273,-0.022666
0.270293,-0.022537
0.270312,-0.022382
0.270332,-0.02233
0.270352,-0.022631
0.270371,-0.023173
0.270391,-0.023557
0.27041,-0.023883
0.27043,-0.024017
0.270449,-0.024208
0.270469,-0.024272
0.270488,-0.023977
0.270508,-0.023321
0.270527,-0.022787
0.270547,-0.022687
0.270566,-0.02311
0.270586,-0.0236
0.270605,-0.024056
0.270625,-0.024735
0.270645,-0.025322
0.270664,-0.025924
0.270684,-0.025715
0.270703,-0.025206
0.270723,-0.024417
0.270742,-0.02396
0.270762,-0.023642
0.270781,-0.023547
0.270801,-0.023485
0.27082,-0.023805
0.27084,-0.024446
0.270859,-0.02505
0.270879,-0.025282
0.270898,-0.024968
0.270918,-0.024381
0.270937,-0.02414
0.270957,-0.023879
0.270977,-0.023707
0.270996,-0.023362
0.271016,-0.0232
0.271035,-0.023562
0.271055,-0.024034
0.271074,-0.024593
0.271094,-0.024682
0.271113,-0.024899
0.271133,-0.025038
0.271152,-0.025182
0.271172,-0.024995
0.271191,-0.024497
0.271211,-0.024163
0.27123,-0.024214
0.27125,-0.024436
0.27127,-0.024437
0.271289,-0.024359
0.271309,-0.024329
0.271328,-0.024604
0.271348,-0.025047
0.271367,-0.025118
0.271387,-0.025075
0.271406,-0.024817
0.271426,-0.024666
0.271445,-0.02441
0.271465,-0.024148
0.271484,-0.023972
0.271504,-0.023832
0.271523,-0.023816
0.271543,-0.023959
0.271562,-0.02409
0.271582,-0.02406
0.271602,-0.024033
0.271621,-0.024035
0.271641,-0.02418
0.27166,-0.02425
0.27168,-0.024103
0.271699,-0.023778
0.271719,-0.023445
0.271738,-0.023307
0.271758,-0.022982
0.271777,-0.022404
0.271797,-0.021873
0.271816,-0.02168
0.271836,-0.021615
0.271855,-0.021546
0.271875,-0.021291
0.271895,-0.021208
0.271914,-0.021076
0.271934,-0.020939
0.271953,-0.020583
0.271973,-0.019938
0.271992,-0.019338
0.272012,-0.019051
0.272031,-0.018769
0.272051,-0.018469
0.27207,-0.017939
0.27209,-0.017578
0.272109,-0.017341
0.272129,-0.017008
0.272148,-0.016384
0.272168,-0.015605
0.272187,-0.015089
0.272207,-0.014567
0.272227,-0.01429
0.272246,-0.014041
0.272266,-0.01367
0.272285,-0.013251
0.272305,-0.012721
0.272324,-0.011935
0.272344,-0.01104
0.272363,-0.009854
0.272383,-0.008712
0.272402,-0.007902
0.272422,-0.007264
0.272441,-0.006988
0.272461,-0.006775
0.27248,-0.006535
0.2725,-0.006212
0.27252,-0.005886
0.272539,-0.005214
0.272559,-0.004166
0.272578,-0.002831
0.272598,-0.001724
0.272617,-0.000835
0.272637,-0.000128
0.272656,0.000627
0.272676,0.001216
0.272695,0.001492
0.272715,0.00169
0.272734,0.002127
0.272754,0.002933
0.272773,0.003834
0.272793,0.004928
0.272812,0.006074
0.272832,0.007366
0.272852,0.008451
0.272871,0.009274
0.272891,0.009949
0.27291,0.010266
0.27293,0.010585
0.272949,0.011061
0.272969,0.011537
0.272988,0.011995
0.273008,0.012535
0.273027,0.013096
0.273047,0.013908
0.273066,0.01491
0.273086,0.015665
0.273105,0.016371
0.273125,0.016848
0.273145,0.017189
0.273164,0.017422
0.273184,0.017661
0.273203,0.017919
0.273223,0.018443
0.273242,0.019079
0.273262,0.019726
0.273281,0.020487
0.273301,0.021299
0.27332,0.021934
0.27334,0.022617
0.273359,0.023026
0.273379,0.023431
0.273398,0.023858
0.273418,0.024286
0.273437,0.024519
0.273457,0.024676
0.273477,0.025021
0.273496,0.025424
0.273516,0.025724
0.273535,0.025818
0.273555,0.026061
0.273574,0.026489
0.273594,0.027015
0.273613,0.027514
0.273633,0.027936
0.273652,0.028117
0.273672,0.028356
0.273691,0.028586
0.273711,0.028654
0.27373,0.028629
0.27375,0.028643
0.27377,0.028923
0.273789,0.029383
0.273809,0.029898
0.273828,0.030523
0.273848,0.031008
0.273867,0.031469
0.273887,0.03192
0.273906,0.032099
0.273926,0.032129
0.273945,0.032238
0.273965,0.032312
0.273984,0.032565
0.274004,0.032984
0.274023,0.03343
0.274043,0.033791
0.274062,0.034087
0.274082,0.034333
0.274102,0.034697
0.274121,0.034812
0.274141,0.03485
0.27416,0.035143
0.27418,0.035666
0.274199,0.036311
0.274219,0.037015
0.274238,0.037501
0.274258,0.037961
0.274277,0.038316
0.274297,0.038736
0.274316,0.038685
0.274336,0.038539
0.274355,0.03876
0.274375,0.039245
0.274395,0.0398
0.274414,0.04038
0.274434,0.040959
0.274453,0.041517
0.274473,0.04228
0.274492,0.042916
0.274512,0.043097
0.274531,0.042846
0.274551,0.042695
0.27457,0.042688
0.27459,0.04268
0.274609,0.042775
0.274629,0.042961
0.274648,0.043427
0.274668,0.044119
0.274687,0.044897
0.274707,0.045323
0.274727,0.045631
0.274746,0.045866
0.274766,0.046088
0.274785,0.04595
0.274805,0.045687
0.274824,0.045283
0.274844,0.045128
0.274863,0.045411
0.274883,0.045903
0.274902,0.046411
0.274922,0.046678
0.274941,0.046965
0.274961,0.047267
0.27498,0.04733
0.275,0.046987
0.27502,0.046284
0.275039,0.045769
0.275059,0.045581
0.275078,0.045385
0.275098,0.045165
0.275117,0.045034
0.275137,0.044845
0.275156,0.045038
0.275176,0.045098
0.275195,0.044776
0.275215,0.044266
0.275234,0.043699
0.275254,0.043463
0.275273,0.043023
0.275293,0.042542
0.275312,0.041804
0.275332,0.040955
0.275352,0.040465
0.275371,0.039967
0.275391,0.039224
0.27541,0.0385
0.27543,0.037541
0.275449,0.037097
0.275469,0.036513
0.275488,0.035828
0.275508,0.03483
0.275527,0.033682
0.275547,0.032678
0.275566,0.031664
0.275586,0.030343
0.275605,0.028938
0.275625,0.027884
0.275645,0.027175
0.275664,0.026612
0.275684,0.025894
0.275703,0.024844
0.275723,0.024069
0.275742,0.023086
0.275762,0.022051
0.275781,0.020559
0.275801,0.019194
0.27582,0.0179
0.27584,0.016766
0.275859,0.015882
0.275879,0.014865
0.275898,0.013787
0.275918,0.012722
0.275937,0.011539
0.275957,0.010523
0.275977,0.00921
0.275996,0.007543
0.276016,0.006198
0.276035,0.005171
0.276055,0.004039
0.276074,0.00296
0.276094,0.00152
0.276113,0.000434
0.276133,-0.000586
0.276152,-0.001695
0.276172,-0.002905
0.276191,-0.004343
0.276211,-0.005781
0.27623,-0.006971
0.27625,-0.007778
0.27627,-0.008779
0.276289,-0.009912
0.276309,-0.010953
0.276328,-0.011676
0.276348,-0.012581
0.276367,-0.013832
0.276387,-0.015302
0.276406,-0.016799
0.276426,-0.017889
0.276445,-0.019204
0.276465,-0.020411
0.276484,-0.021911
0.276504,-0.023025
0.276523,-0.023571
0.276543,-0.024069
0.276562,-0.024848
0.276582,-0.025757
0.276602,-0.026696
0.276621,-0.027833
0.276641,-0.029136
0.27666,-0.030545
0.27668,-0.031893
0.276699,-0.03302
0.276719,-0.033876
0.276738,-0.034278
0.276758,-0.034643
0.276777,-0.0352
0.276797,-0.035679
0.276816,-0.036075
0.276836,-0.036659
0.276855,-0.037671
0.276875,-0.038768
0.276895,-0.039901
0.276914,-0.040828
0.276934,-0.041651
0.276953,-0.042231
0.276973,-0.042752
0.276992,-0.04355
0.277012,-0.044101
0.277031,-0.044345
0.277051,-0.044912
0.27707,-0.045797
0.27709,-0.046476
0.277109,-0.046928
0.277129,-0.047486
0.277148,-0.048375
0.277168,-0.049239
0.277187,-0.049872
0.277207,-0.050391
0.277227,-0.050936
0.277246,-0.051571
0.277266,-0.052077
0.277285,-0.052341
0.277305,-0.052405
0.277324,-0.052623
0.277344,-0.052998
0.277363,-0.053544
0.277383,-0.053922
0.277402,-0.05443
0.277422,-0.055076
0.277441,-0.055603
0.277461,-0.056225
0.27748,-0.056737
0.2775,-0.057038
0.27752,-0.056913
0.277539,-0.057047
0.277559,-0.057269
0.277578,-0.057455
0.277598,-0.057635
0.277617,-0.057846
0.277637,-0.058335
0.277656,-0.058909
0.277676,-0.059318
0.277695,-0.059441
0.277715,-0.059626
0.277734,-0.05971
0.277754,-0.059861
0.277773,-0.059908
0.277793,-0.059724
0.277812,-0.059817
0.277832,-0.060085
0.277852,-0.060546
0.277871,-0.060927
0.277891,-0.061151
0.27791,-0.061359
0.27793,-0.061565
0.277949,-0.061683
0.277969,-0.061612
0.277988,-0.061622
0.278008,-0.061758
0.278027,-0.061753
0.278047,-0.061911
0.278066,-0.062195
0.278086,-0.062169
0.278105,-0.062264
0.278125,-0.06232
0.278145,-0.062499
0.278164,-0.062411
0.278184,-0.062297
0.278203,-0.062097
0.278223,-0.061953
0.278242,-0.061834
0.278262,-0.0619
0.278281,-0.061823
0.278301,-0.061768
0.27832,-0.061741
0.27834,-0.061736
0.278359,-0.061269
0.278379,-0.060772
0.278398,-0.060215
0.278418,-0.059772
0.278437,-0.059288
0.278457,-0.058953
0.278477,-0.058736
0.278496,-0.058719
0.278516,-0.058623
0.278535,-0.058502
0.278555,-0.058344
0.278574,-0.057842
0.278594,-0.056997
0.278613,-0.056027
0.278633,-0.05506
0.278652,-0.054213
0.278672,-0.053338
0.278691,-0.052817
0.278711,-0.052401
0.27873,-0.052059
0.27875,-0.051679
0.27877,-0.051212
0.278789,-0.050784
0.278809,-0.050062
0.278828,-0.04903
0.278848,-0.047951
0.278867,-0.046954
0.278887,-0.046062
0.278906,-0.044999
0.278926,-0.044061
0.278945,-0.043132
0.278965,-0.04246
0.278984,-0.041629
0.279004,-0.040901
0.279023,-0.040084
0.279043,-0.039379
0.279062,-0.038519
0.279082,-0.037528
0.279102,-0.036535
0.279121,-0.035424
0.279141,-0.034096
0.27916,-0.032881
0.27918,-0.031725
0.279199,-0.030338
0.279219,-0.029289
0.279238,-0.028261
0.279258,-0.027464
0.279277,-0.026442
0.279297,-0.02545
0.279316,-0.024296
0.279336,-0.023214
0.279355,-0.02172
0.279375,-0.020535
0.279395,-0.019136
0.279414,-0.017647
0.279434,-0.016281
0.279453,-0.015039
0.279473,-0.013936
0.279492,-0.012803
0.279512,-0.011674
0.279531,-0.010631
0.279551,-0.00949
0.27957,-0.008326
0.27959,-0.007016
0.279609,-0.005642
0.279629,-0.004085
0.279648,-0.002668
0.279668,-0.001434
0.279687,-0.000303
0.279707,0.000899
0.279727,0.002247
0.279746,0.003301
0.279766,0.004357
0.279785,0.005408
0.279805,0.006657
0.279824,0.007984
0.279844,0.009356
0.279863,0.010641
0.279883,0.011867
0.279902,0.013179
0.279922,0.014371
0.279941,0.015336
0.279961,0.016095
0.27998,0.016872
0.28,0.017939
0.28002,0.01917
0.280039,0.020304
0.280059,0.021342
0.280078,0.02239
0.280098,0.023804
0.280117,0.024881
0.280137,0.02572
0.280156,0.02641
0.280176,0.02729
0.280195,0.028177
0.280215,0.029177
0.280234,0.030269
0.280254,0.031373
0.280273,0.032524
0.280293,0.03367
0.280312,0.034813
0.280332,0.035708
0.280352,0.036306
0.280371,0.037173
0.280391,0.038034
0.28041,0.039067
0.28043,0.040051
0.280449,0.040915
0.280469,0.042217
0.280488,0.043735
0.280508,0.04523
0.280527,0.045987
0.280547,0.046796
0.280566,0.047632
0.280586,0.048445
0.280605,0.049169
0.280625,0.049752
0.280645,0.050502
0.280664,0.051212
0.280684,0.052405
0.280703,0.053718
0.280723,0.054919
0.280742,0.056049
0.280762,0.056981
0.280781,0.058102
0.280801,0.059282
0.28082,0.060166
0.28084,0.060619
0.280859,0.061216
0.280879,0.061902
0.280898,0.063016
0.280918,0.063844
0.280937,0.064704
0.280957,0.065792
0.280977,0.067176
0.280996,0.068459
0.281016,0.069618
0.281035,0.070535
0.281055,0.071384
0.281074,0.072363
0.281094,0.073178
0.281113,0.073846
0.281133,0.074454
0.281152,0.075266
0.281172,0.076022
0.281191,0.076896
0.281211,0.077864
0.28123,0.078763
0.28125,0.079803
0.28127,0.080701
0.281289,0.081683
0.281309,0.082508
0.281328,0.08326
0.281348,0.083704
0.281367,0.084032
0.281387,0.084651
0.281406,0.085194
0.281426,0.085454
0.281445,0.085792
0.281465,0.086211
0.281484,0.087035
0.281504,0.087669
0.281523,0.087997
0.281543,0.08826
0.281562,0.088512
0.281582,0.088757
0.281602,0.08843
0.281621,0.088212
0.281641,0.088186
0.28166,0.088193
0.28168,0.088367
0.281699,0.088746
0.281719,0.088924
0.281738,0.08908
0.281758,0.089234
0.281777,0.089237
0.281797,0.08899
0.281816,0.088617
0.281836,0.088204
0.281855,0.087881
0.281875,0.087797
0.281895,0.087858
0.281914,0.087704
0.281934,0.087498
0.281953,0.08731
0.281973,0.087132
0.281992,0.086772
0.282012,0.086164
0.282031,0.085282
0.282051,0.084592
0.28207,0.084144
0.28209,0.083366
0.282109,0.082712
0.282129,0.082071
0.282148,0.081324
0.282168,0.080671
0.282187,0.079817
0.282207,0.078659
0.282227,0.077686
0.282246,0.076735
0.282266,0.075931
0.282285,0.074855
0.282305,0.073953
0.282324,0.07304
0.282344,0.072238
0.282363,0.071419
0.282383,0.070315
0.282402,0.069308
0.282422,0.068099
0.282441,0.066762
0.282461,0.065597
0.28248,0.064508
0.2825,0.063276
0.28252,0.062001
0.282539,0.060909
0.282559,0.059756
0.282578,0.058976
0.282598,0.057867
0.282617,0.056735
0.282637,0.055524
0.282656,0.054189
0.282676,0.05271
0.282695,0.051158
0.282715,0.049498
0.282734,0.047913
0.282754,0.046563
0.282773,0.04541
0.282793,0.044035
0.282812,0.042907
0.282832,0.041943
0.282852,0.040905
0.282871,0.039598
0.282891,0.038298
0.28291,0.036803
0.28293,0.035181
0.282949,0.033541
0.282969,0.031969
0.282988,0.030306
0.283008,0.028934
0.283027,0.027394
0.283047,0.026081
0.283066,0.024682
0.283086,0.023524
0.283105,0.022098
0.283125,0.020739
0.283145,0.019554
0.283164,0.01816
0.283184,0.016769
0.283203,0.015261
0.283223,0.013641
0.283242,0.012081
0.283262,0.010511
0.283281,0.009014
0.283301,0.007628
0.28332,0.006528
0.28334,0.005323
0.283359,0.004372
0.283379,0.003421
0.283398,0.002366
0.283418,0.000927
0.283437,-0.000542
0.283457,-0.001948
0.283477,-0.003637
0.283496,-0.005119
0.283516,-0.006461
0.283535,-0.007663
0.283555,-0.008875
0.283574,-0.009961
0.283594,-0.010873
0.283613,-0.011964
0.283633,-0.013259
0.283652,-0.014757
0.283672,-0.01596
0.283691,-0.017424
0.283711,-0.018851
0.28373,-0.020334
0.28375,-0.021243
0.28377,-0.022145
0.283789,-0.023308
0.283809,-0.02434
0.283828,-0.025079
0.283848,-0.02625
0.283867,-0.027461
0.283887,-0.02863
0.283906,-0.029809
0.283926,-0.030982
0.283945,-0.032412
0.283965,-0.033311
0.283984,-0.033962
0.284004,-0.034964
0.284023,-0.03614
0.284043,-0.037253
0.284062,-0.038481
0.284082,-0.039376
0.284102,-0.040406
0.284121,-0.041665
0.284141,-0.043024
0.28416,-0.043774
0.28418,-0.044369
0.284199,-0.045443
0.284219,-0.046675
0.284238,-0.047525
0.284258,-0.048182
0.284277,-0.049271
0.284297,-0.050577
0.284316,-0.051342
0.284336,-0.052229
0.284355,-0.05349
0.284375,-0.054462
0.284395,-0.055092
0.284414,-0.05592
0.284434,-0.056817
0.284453,-0.057712
0.284473,-0.058238
0.284492,-0.058961
0.284512,-0.059823
0.284531,-0.060831
0.284551,-0.062015
0.28457,-0.062894
0.28459,-0.06356
0.284609,-0.064508
0.284629,-0.065591
0.284648,-0.066153
0.284668,-0.066208
0.284687,-0.066559
0.284707,-0.067365
0.284727,-0.068074
0.284746,-0.068419
0.284766,-0.069031
0.284785,-0.069827
0.284805,-0.070408
0.284824,-0.070784
0.284844,-0.071378
0.284863,-0.071869
0.284883,-0.072101
0.284902,-0.072352
0.284922,-0.072487
0.284941,-0.073048
0.284961,-0.073486
0.28498,-0.073716
0.285,-0.073813
0.28502,-0.073954
0.285039,-0.074456
0.285059,-0.074834
0.285078,-0.075175
0.285098,-0.076025
0.285117,-0.076463
0.285137,-0.076427
0.285156,-0.076076
0.285176,-0.076344
0.285195,-0.076589
0.285215,-0.077025
0.285234,-0.07615
0.285254,-0.07626
0.285273,-0.074826
0.285293,-0.075952
0.285312,-0.079456
0.285332,-0.085175
0.285352,-0.084347
0.285371,-0.078806
0.285391,-0.075862
0.28541,-0.077557
0.28543,-0.07393
0.285449,-0.068425
0.285469,-0.070332
0.285488,-0.080836
0.285508,-0.084683
0.285527,-0.078713
0.285547,-0.074962
0.285566,-0.081637
0.285586,-0.084121
0.285605,-0.076854
0.285625,-0.07107
0.285645,-0.077633
0.285664,-0.084903
0.285684,-0.084102
0.285703,-0.07718
0.285723,-0.076388
0.285742,-0.080694
0.285762,-0.082163
0.285781,-0.076788
0.285801,-0.072529
0.28582,-0.073272
0.28584,-0.075645
0.285859,-0.076302
0.285879,-0.07761
0.285898,-0.079003
0.285918,-0.077071
0.285937,-0.072605
0.285957,-0.072122
0.285977,-0.07578
0.285996,-0.076648
0.286016,-0.070877
0.286035,-0.067715
0.286055,-0.071936
0.286074,-0.077188
0.286094,-0.073028
0.286113,-0.06388
0.286133,-0.059422
0.286152,-0.064558
0.286172,-0.068161
0.286191,-0.06508
0.286211,-0.05933
0.28623,-0.060357
0.28625,-0.064591
0.28627,-0.066165
0.286289,-0.060874
0.286309,-0.057105
0.286328,-0.055487
0.286348,-0.056544
0.286367,-0.056728
0.286387,-0.056414
0.286406,-0.054188
0.286426,-0.050837
0.286445,-0.048648
0.286465,-0.049679
0.286484,-0.049534
0.286504,-0.047516
0.286523,-0.043753
0.286543,-0.042586
0.286562,-0.043372
0.286582,-0.045489
0.286602,-0.044757
0.286621,-0.040576
0.286641,-0.036787
0.28666,-0.036353
0.28668,-0.036491
0.286699,-0.034199
0.286719,-0.030618
0.286738,-0.032146
0.286758,-0.035633
0.286777,-0.033108
0.286797,-0.026058
0.286816,-0.021877
0.286836,-0.023057
0.286855,-0.023937
0.286875,-0.021711
0.286895,-0.021372
0.286914,-0.024511
0.286934,-0.02568
0.286953,-0.021755
0.286973,-0.018132
0.286992,-0.017826
0.287012,-0.016803
0.287031,-0.012658
0.287051,-0.008625
0.28707,-0.008581
0.28709,-0.009841
0.287109,-0.009142
0.287129,-0.009907
0.287148,-0.01453
0.287168,-0.017716
0.287187,-0.014006
0.287207,-0.008314
0.287227,-0.006636
0.287246,-0.006997
0.287266,-0.005492
0.287285,-0.002653
0.287305,-0.001669
0.287324,-0.003218
0.287344,-0.003529
0.287363,-0.002033
0.287383,-0.001031
0.287402,-0.000964
0.287422,-0.000285
0.287441,0.000399
0.287461,0.001194
0.28748,0.002387
0.2875,0.004313
0.28752,0.006536
0.287539,0.006594
0.287559,0.00618
0.287578,0.00702
0.287598,0.010315
0.287617,0.013221
0.287637,0.013829
0.287656,0.011648
0.287676,0.014037
0.287695,0.020134
0.287715,0.023255
0.287734,0.019808
0.287754,0.017421
0.287773,0.020165
0.287793,0.024346
0.287812,0.024615
0.287832,0.02439
0.287852,0.024595
0.287871,0.026239
0.287891,0.027306
0.28791,0.028133
0.28793,0.028534
0.287949,0.0308
0.287969,0.033902
0.287988,0.036976
0.288008,0.037023
0.288027,0.036483
0.288047,0.037548
0.288066,0.041256
0.288086,0.04234
0.288105,0.042654
0.288125,0.044014
0.288145,0.046572
0.288164,0.048065
0.288184,0.048872
0.288203,0.049839
0.288223,0.051699
0.288242,0.052466
0.288262,0.053566
0.288281,0.05536
0.288301,0.05614
0.28832,0.055918
0.28834,0.056387
0.288359,0.057765
0.288379,0.05769
0.288398,0.055084
0.288418,0.053709
0.288437,0.056279
0.288457,0.059557
0.288477,0.060303
0.288496,0.05998
0.288516,0.062551
0.288535,0.065006
0.288555,0.063789
0.288574,0.062095
0.288594,0.064181
0.288613,0.067315
0.288633,0.067805
0.288652,0.06692
0.288672,0.068075
0.288691,0.070407
0.288711,0.070544
0.28873,0.067937
0.28875,0.066567
0.28877,0.067057
0.288789,0.066347
0.288809,0.063417
0.288828,0.061541
0.288848,0.063687
0.288867,0.067057
0.288887,0.068523
0.288906,0.067554
0.288926,0.06621
0.288945,0.065515
0.288965,0.064525
0.288984,0.062273
0.289004,0.059994
0.289023,0.059911
0.289043,0.060009
0.289062,0.060347
0.289082,0.06242
0.289102,0.065364
0.289121,0.065993
0.289141,0.064271
0.28916,0.063509
0.28918,0.064519
0.289199,0.063789
0.289219,0.060678
0.289238,0.058865
0.289258,0.058267
0.289277,0.057249
0.289297,0.054998
0.289316,0.053506
0.289336,0.05469
0.289355,0.05595
0.289375,0.055025
0.289395,0.052898
0.289414,0.051765
0.289434,0.051495
0.289453,0.050937
0.289473,0.049784
0.289492,0.048964
0.289512,0.048447
0.289531,0.047924
0.289551,0.047399
0.28957,0.047001
0.28959,0.047705
0.289609,0.048595
0.289629,0.049325
0.289648,0.048296
0.289668,0.047067
0.289687,0.04599
0.289707,0.046214
0.289727,0.046184
0.289746,0.045463
0.289766,0.044694
0.289785,0.045152
0.289805,0.044564
0.289824,0.042694
0.289844,0.040251
0.289863,0.039288
0.289883,0.037686
0.289902,0.035358
0.289922,0.033976
0.289941,0.034009
0.289961,0.033066
0.28998,0.031857
0.29,0.03053
0.29002,0.03086
0.290039,0.030202
0.290059,0.028548
0.290078,0.027378
0.290098,0.028615
0.290117,0.030095
0.290137,0.03001
0.290156,0.028921
0.290176,0.028102
0.290195,0.027343
0.290215,0.026161
0.290234,0.023626
0.290254,0.021573
0.290273,0.020743
0.290293,0.021135
0.290312,0.020737
0.290332,0.019528
0.290352,0.019334
0.290371,0.020411
0.290391,0.019547
0.29041,0.016742
0.29043,0.014608
0.290449,0.014092
0.290469,0.013511
0.290488,0.012667
0.290508,0.013059
0.290527,0.014888
0.290547,0.016432
0.290566,0.016178
0.290586,0.015117
0.290605,0.014682
0.290625,0.014927
0.290645,0.014273
0.290664,0.013171
0.290684,0.013205
0.290703,0.014517
0.290723,0.015812
0.290742,0.016336
0.290762,0.015195
0.290781,0.013489
0.290801,0.011526
0.29082,0.009752
0.29084,0.007602
0.290859,0.006067
0.290879,0.005854
0.290898,0.005705
0.290918,0.004459
0.290937,0.00425
0.290957,0.005872
0.290977,0.008557
0.290996,0.009
0.291016,0.008117
0.291035,0.007825
0.291055,0.008665
0.291074,0.008
0.291094,0.006092
0.291113,0.005109
0.291133,0.005934
0.291152,0.005929
0.291172,0.005698
0.291191,0.005745
0.291211,0.006882
0.29123,0.006909
0.29125,0.005958
0.29127,0.005683
0.291289,0.005423
0.291309,0.003395
0.291328,-4.08E-05
0.291348,-0.002962
0.291367,-0.003384
0.291387,-0.003189
0.291406,-0.004192
0.291426,-0.005132
0.291445,-0.004529
0.291465,-0.002984
0.291484,-0.002583
0.291504,-0.004395
0.291523,-0.006016
0.291543,-0.006235
0.291562,-0.005203
0.291582,-0.004778
0.291602,-0.005465
0.291621,-0.005846
0.291641,-0.004947
0.29166,-0.004737
0.29168,-0.006397
0.291699,-0.008161
0.291719,-0.009108
0.291738,-0.009901
0.291758,-0.010959
0.291777,-0.01168
0.291797,-0.011931
0.291816,-0.012802
0.291836,-0.014824
0.291855,-0.016222
0.291875,-0.016948
0.291895,-0.017845
0.291914,-0.019919
0.291934,-0.021937
0.291953,-0.022024
0.291973,-0.021123
0.291992,-0.021078
0.292012,-0.021747
0.292031,-0.021838
0.292051,-0.021448
0.29207,-0.022038
0.29209,-0.023432
0.292109,-0.024789
0.292129,-0.023923
0.292148,-0.022222
0.292168,-0.02138
0.292187,-0.021553
0.292207,-0.021282
0.292227,-0.0203
0.292246,-0.020564
0.292266,-0.022892
0.292285,-0.025522
0.292305,-0.027321
0.292324,-0.028097
0.292344,-0.028371
0.292363,-0.028249
0.292383,-0.028091
0.292402,-0.027735
0.292422,-0.027965
0.292441,-0.027591
0.292461,-0.027796
0.29248,-0.028136
0.2925,-0.028389
0.29252,-0.027263
0.292539,-0.025667
0.292559,-0.025249
0.292578,-0.025499
0.292598,-0.024448
0.292617,-0.022715
0.292637,-0.021427
0.292656,-0.021534
0.292676,-0.022178
0.292695,-0.023268
0.292715,-0.02401
0.292734,-0.023811
0.292754,-0.023424
0.292773,-0.023635
0.292793,-0.024378
0.292812,-0.024213
0.292832,-0.023233
0.292852,-0.023165
0.292871,-0.024395
0.292891,-0.025765
0.29291,-0.02598
0.29293,-0.026174
0.292949,-0.027096
0.292969,-0.027996
0.292988,-0.02834
0.293008,-0.027781
0.293027,-0.026311
0.293047,-0.023762
0.293066,-0.021971
0.293086,-0.020561
0.293105,-0.019274
0.293125,-0.017575
0.293145,-0.017258
0.293164,-0.01849
0.293184,-0.020668
0.293203,-0.021498
0.293223,-0.021411
0.293242,-0.02043
0.293262,-0.019784
0.293281,-0.019245
0.293301,-0.018921
0.29332,-0.018492
0.29334,-0.018281
0.293359,-0.018309
0.293379,-0.019213
0.293398,-0.01939
0.293418,-0.019029
0.293437,-0.018404
0.293457,-0.01887
0.293477,-0.019193
0.293496,-0.018202
0.293516,-0.016277
0.293535,-0.015419
0.293555,-0.015678
0.293574,-0.015874
0.293594,-0.015204
0.293613,-0.014011
0.293633,-0.012981
0.293652,-0.012838
0.293672,-0.012899
0.293691,-0.01244
0.293711,-0.012537
0.29373,-0.013359
0.29375,-0.014711
0.29377,-0.01516
0.293789,-0.014827
0.293809,-0.014697
0.293828,-0.014648
0.293848,-0.014579
0.293867,-0.014054
0.293887,-0.013594
0.293906,-0.013604
0.293926,-0.014063
0.293945,-0.01503
0.293965,-0.015721
0.293984,-0.015126
0.294004,-0.012831
0.294023,-0.010898
0.294043,-0.010278
0.294062,-0.010309
0.294082,-0.009102
0.294102,-0.007968
0.294121,-0.007857
0.294141,-0.008925
0.29416,-0.009153
0.29418,-0.008204
0.294199,-0.00747
0.294219,-0.007708
0.294238,-0.007884
0.294258,-0.007253
0.294277,-0.005984
0.294297,-0.005055
0.294316,-0.005152
0.294336,-0.006185
0.294355,-0.007413
0.294375,-0.007446
0.294395,-0.007059
0.294414,-0.007331
0.294434,-0.007626
0.294453,-0.007032
0.294473,-0.005349
0.294492,-0.004217
0.294512,-0.003663
0.294531,-0.002872
0.294551,-0.001617
0.29457,-0.000871
0.29459,-0.000283
0.294609,-4.51E-05
0.294629,0.000718
0.294648,0.001109
0.294668,0.001863
0.294687,0.002857
0.294707,0.003688
0.294727,0.003639
0.294746,0.003541
0.294766,0.003565
0.294785,0.003448
0.294805,0.002125
0.294824,0.000763
0.294844,0.000259
0.294863,0.000586
0.294883,0.001196
0.294902,0.002716
0.294922,0.004591
0.294941,0.006111
0.294961,0.00643
0.29498,0.006191
0.295,0.005937
0.29502,0.005696
0.295039,0.005544
0.295059,0.005712
0.295078,0.006657
0.295098,0.007677
0.295117,0.008325
0.295137,0.009466
0.295156,0.011421
0.295176,0.013434
0.295195,0.013897
0.295215,0.013107
0.295234,0.012099
0.295254,0.011866
0.295273,0.011945
0.295293,0.011702
0.295312,0.010564
0.295332,0.009965
0.295352,0.010329
0.295371,0.010696
0.295391,0.010296
0.29541,0.009616
0.29543,0.010028
0.295449,0.011101
0.295469,0.011665
0.295488,0.011499
0.295508,0.011135
0.295527,0.011212
0.295547,0.01188
0.295566,0.011498
0.295586,0.010568
0.295605,0.009054
0.295625,0.008408
0.295645,0.008776
0.295664,0.009915
0.295684,0.009808
0.295703,0.009
0.295723,0.008245
0.295742,0.007604
0.295762,0.006521
0.295781,0.00499
0.295801,0.003585
0.29582,0.002618
0.29584,0.001659
0.295859,0.001244
0.295879,0.000405
0.295898,-0.000406
0.295918,-0.000997
0.295937,-0.000583
0.295957,-0.000543
0.295977,-0.001159
0.295996,-0.002562
0.296016,-0.003644
0.296035,-0.00413
0.296055,-0.004271
0.296074,-0.004901
0.296094,-0.005372
0.296113,-0.005485
0.296133,-0.005314
0.296152,-0.005388
0.296172,-0.005505
0.296191,-0.006053
0.296211,-0.006961
0.29623,-0.007845
0.29625,-0.008764
0.29627,-0.010033
0.296289,-0.011256
0.296309,-0.011898
0.296328,-0.011997
0.296348,-0.012032
0.296367,-0.012493
0.296387,-0.013214
0.296406,-0.013817
0.296426,-0.013981
0.296445,-0.014529
0.296465,-0.01596
0.296484,-0.017987
0.296504,-0.019078
0.296523,-0.019201
0.296543,-0.018377
0.296562,-0.017847
0.296582,-0.017918
0.296602,-0.018104
0.296621,-0.018014
0.296641,-0.019058
0.29666,-0.020864
0.29668,-0.022279
0.296699,-0.022485
0.296719,-0.022358
0.296738,-0.022705
0.296758,-0.023425
0.296777,-0.023515
0.296797,-0.023541
0.296816,-0.023581
0.296836,-0.02434
0.296855,-0.025726
0.296875,-0.027851
0.296895,-0.029559
0.296914,-0.030279
0.296934,-0.029901
0.296953,-0.029818
0.296973,-0.029795
0.296992,-0.029469
0.297012,-0.028392
0.297031,-0.027741
0.297051,-0.027992
0.29707,-0.028568
0.29709,-0.029169
0.297109,-0.029393
0.297129,-0.029515
0.297148,-0.029741
0.297168,-0.030361
0.297187,-0.030538
0.297207,-0.029649
0.297227,-0.028747
0.297246,-0.028565
0.297266,-0.028873
0.297285,-0.028884
0.297305,-0.027451
0.297324,-0.026056
0.297344,-0.025834
0.297363,-0.026622
0.297383,-0.026846
0.297402,-0.026711
0.297422,-0.026539
0.297441,-0.026637
0.297461,-0.026194
0.29748,-0.025282
0.2975,-0.02353
0.29752,-0.022356
0.297539,-0.02163
0.297559,-0.020954
0.297578,-0.019651
0.297598,-0.018522
0.297617,-0.018021
0.297637,-0.017928
0.297656,-0.017939
0.297676,-0.017864
0.297695,-0.017245
0.297715,-0.016557
0.297734,-0.015898
0.297754,-0.015373
0.297773,-0.014584
0.297793,-0.013532
0.297812,-0.012641
0.297832,-0.012506
0.297852,-0.01244
0.297871,-0.012184
0.297891,-0.011722
0.29791,-0.011954
0.29793,-0.012475
0.297949,-0.012191
0.297969,-0.010827
0.297988,-0.009951
0.298008,-0.009299
0.298027,-0.008898
0.298047,-0.007982
0.298066,-0.007046
0.298086,-0.006388
0.298105,-0.006447
0.298125,-0.007091
0.298145,-0.007699
0.298164,-0.007573
0.298184,-0.006751
0.298203,-0.005818
0.298223,-0.00499
0.298242,-0.00412
0.298262,-0.003411
0.298281,-0.003283
0.298301,-0.004455
0.29832,-0.005226
0.29834,-0.005391
0.298359,-0.005046
0.298379,-0.004966
0.298398,-0.004538
0.298418,-0.004074
0.298437,-0.00363
0.298457,-0.003192
0.298477,-0.002639
0.298496,-0.002459
0.298516,-0.003198
0.298535,-0.004082
0.298555,-0.004555
0.298574,-0.004137
0.298594,-0.003482
0.298613,-0.002771
0.298633,-0.002042
0.298652,-0.000645
0.298672,0.000381
0.298691,0.000567
0.298711,0.000178
0.29873,0.000167
0.29875,2.65E-05
0.29877,4.00E-05
0.298789,-2.00E-05
0.298809,0.00022
0.298828,0.001056
0.298848,0.002336
0.298867,0.003014
0.298887,0.003187
0.298906,0.003346
0.298926,0.004092
0.298945,0.00425
0.298965,0.004554
0.298984,0.004911
0.299004,0.005588
0.299023,0.006252
0.299043,0.00671
0.299062,0.007232
0.299082,0.00833
0.299102,0.009896
0.299121,0.011442
0.299141,0.012554
0.29916,0.013354
0.29918,0.013821
0.299199,0.014308
0.299219,0.014595
0.299238,0.014991
0.299258,0.015235
0.299277,0.0153
0.299297,0.015446
0.299316,0.016047
0.299336,0.016856
0.299355,0.017791
0.299375,0.018611
0.299395,0.019338
0.299414,0.019864
0.299434,0.020409
0.299453,0.02079
0.299473,0.02072
0.299492,0.02079
0.299512,0.020907
0.299531,0.021264
0.299551,0.021556
0.29957,0.021924
0.29959,0.022388
0.299609,0.02339
0.299629,0.024738
0.299648,0.025524
0.299668,0.026176
0.299687,0.026492
0.299707,0.026757
0.299727,0.026971
0.299746,0.027081
0.299766,0.026604
0.299785,0.025746
0.299805,0.02541
0.299824,0.025802
0.299844,0.026429
0.299863,0.027029
0.299883,0.027825
0.299902,0.028767
0.299922,0.029172
0.299941,0.029131
0.299961,0.028373
0.29998,0.027692